row,episode,episode_step_start,episode_step_end,window_index,chunk_index,label,credit_source,policy_subtask,policy_command,relabeled_subtask,relabeled_command,n_suggested,policy_subtask_raw
0,1,1,10,1,0,GOOD,,The vehicle accelerates normally to drive with the target speed in a steady lane keeping manner.,accelerate,The vehicle starts from a stop and accelerates smoothly to follow the car ahead.,accelerate,1,<loc1022>The vehicle accelerates normally to drive with the target speed in a steady lane keeping manner.;<loc1021>
1,1,11,20,1,1,GOOD,,The vehicle accelerates normally to follow the maroon car ahead.,accelerate,The vehicle starts from a stop and accelerates smoothly to follow the car ahead.,accelerate,1,<loc1022>The vehicle accelerates normally to follow the maroon car ahead.;<loc1021>
2,1,21,30,1,2,GOOD,,The vehicle accelerates normally to follow the maroon car ahead.,accelerate,The vehicle starts from a stop and accelerates smoothly to follow the car ahead.,accelerate,1,<loc1022>The vehicle accelerates normally to follow the maroon car ahead.;<loc1021>
3,1,31,40,1,3,,,The vehicle accelerates normally to follow the maroon car ahead.,accelerate,,,0,<loc1022>The vehicle accelerates normally to follow the maroon car ahead.;<loc1021>
4,1,41,50,1,4,GOOD,,The vehicle normally maintains a steady course while following the maroon car ahead.,maintain,"The vehicle smoothly decelerates to a stop, maintaining a straight course.",decelerate,1,<loc1022>The vehicle normally maintains a steady course while following the maroon car ahead.;<loc1021>
5,1,51,60,1,5,GOOD,,"The vehicle cautiously decelerates and then accelerates, maintaining a steady course behind the maroon car.",decelerate,"The vehicle smoothly decelerates to a stop, maintaining a straight course.",decelerate,1,"<loc1022>The vehicle cautiously decelerates and then accelerates, maintaining a steady course behind the maroon car.;<loc1021>"
6,1,61,70,1,6,GOOD,,The vehicle stops to stay behind the maroon car ahead.,stop,"The vehicle remains stopped, patiently waiting behind the stationary vehicle.",stop,1,<loc1022>The vehicle stops to stay behind the maroon car ahead.;<loc1021>
7,1,71,80,1,7,GOOD,,The vehicle accelerates normally to follow the maroon SUV ahead.,accelerate,"The vehicle accelerates normally to follow the front car, maintaining a straight course.",accelerate,1,<loc1022>The vehicle accelerates normally to follow the maroon SUV ahead.;<loc1021>
8,1,81,90,1,8,GOOD,,The vehicle accelerates normally to follow the maroon car ahead.,accelerate,"The vehicle accelerates normally to follow the front car, maintaining a straight course.",accelerate,1,<loc1022>The vehicle accelerates normally to follow the maroon car ahead.;<loc1021>
9,1,91,100,1,9,,,The vehicle accelerates normally to follow the maroon car ahead.,accelerate,,,0,<loc1022>The vehicle accelerates normally to follow the maroon car ahead.;<loc1021>
10,1,101,110,1,10,,,The vehicle accelerates normally to follow the maroon car ahead.,accelerate,,,0,<loc1022>The vehicle accelerates normally to follow the maroon car ahead.;<loc1021>
11,1,111,120,1,11,,,The vehicle accelerates normally to follow the maroon car ahead.,accelerate,,,0,<loc1022>The vehicle accelerates normally to follow the maroon car ahead.;<loc1021>
12,1,121,130,1,12,,,The vehicle follows the route and accelerates normally to keep pace with the maroon SUV ahead.,follow,,,0,<loc1022>The vehicle follows the route and accelerates normally to keep pace with the maroon SUV ahead.;<loc1021>
13,1,131,140,1,13,,,"The vehicle follows the route, maintaining a steady lane, and cautiously stays behind the maroon car at 12.0 meters.",follow,,,0,"<loc1022>The vehicle follows the route, maintaining a steady lane, and cautiously stays behind the maroon car at 12.0 meters.;<loc1021>"
14,1,141,150,1,14,GOOD,,The vehicle accelerates normally to follow the maroon car ahead.,accelerate,"The vehicle cautiously follows the route, maintaining steady lane keeping behind the front car.",follow,1,<loc1022>The vehicle accelerates normally to follow the maroon car ahead.;<loc1021>
15,1,151,160,2,0,,,"The vehicle decelerates to stay behind the maroon car, then accelerates normally.",decelerate,"The vehicle cautiously follows the route, maintaining steady lane keeping.",follow,1,"<loc1022>The vehicle decelerates to stay behind the maroon car, then accelerates normally.;<loc1021>"
16,1,161,170,2,1,,,The vehicle accelerates normally to follow the maroon car ahead.,accelerate,"The vehicle cautiously follows the route, maintaining steady lane keeping.",follow,1,<loc1022>The vehicle accelerates normally to follow the maroon car ahead.;<loc1021>
17,1,171,180,2,2,,,"The vehicle normally follows the route, maintaining reduced speed behind the maroon car at 14.0 meters.",follow,The vehicle maintains a steady speed while following the route.,maintain,1,"<loc1022>The vehicle normally follows the route, maintaining reduced speed behind the maroon car at 14.0 meters.;<loc1021>"
18,1,181,190,2,3,GOOD,,"The vehicle accelerates to follow the maroon car, then decelerates normally.",accelerate,"The vehicle normally follows the route, maintaining reduced speed.",follow,1,"<loc1022>The vehicle accelerates to follow the maroon car, then decelerates normally.;<loc1021>"
19,1,191,200,2,4,GOOD,,"The vehicle accelerates normally to follow the maroon car, then maintains a steady course.",accelerate,"The vehicle normally follows the route, maintaining reduced speed.",follow,1,"<loc1022>The vehicle accelerates normally to follow the maroon car, then maintains a steady course.;<loc1021>"
20,1,201,210,2,5,,,"The vehicle follows the route, accelerating normally to drive with the target speed.",follow,"The vehicle normally follows the route, maintaining reduced speed.",follow,1,"<loc1022>The vehicle follows the route, accelerating normally to drive with the target speed.;<loc1021>"
21,1,211,220,2,6,,,"The vehicle normally follows the route, accelerating to target speed with slight course adjustments.",follow,"The vehicle normally follows the route, maintaining reduced speed.",follow,1,"<loc1022>The vehicle normally follows the route, accelerating to target speed with slight course adjustments.;<loc1021>"
22,1,221,230,2,7,,,The vehicle accelerates normally to follow the maroon car ahead.,accelerate,"The vehicle normally follows the route, maintaining reduced speed.",follow,1,<loc1022>The vehicle accelerates normally to follow the maroon car ahead.;<loc1021>
23,1,231,240,2,8,,,The vehicle accelerates normally to follow the maroon car ahead.,accelerate,"The vehicle normally follows the route, maintaining reduced speed.",follow,1,<loc1022>The vehicle accelerates normally to follow the maroon car ahead.;<loc1021>
24,1,241,250,2,9,BAD,precursor,The vehicle accelerates normally to follow the maroon car ahead.,accelerate,The vehicle smoothly decelerates to a stop while maintaining a straight course.,decelerate,1,<loc1022>The vehicle accelerates normally to follow the maroon car ahead.;<loc1021>
25,1,251,260,2,10,BAD,precursor,The vehicle accelerates normally to target speed and maintains a steady lane.,accelerate,The vehicle smoothly decelerates to a stop while maintaining a straight course.,decelerate,1,<loc1022>The vehicle accelerates normally to target speed and maintains a steady lane.;<loc1021>
26,1,261,270,2,11,BAD,precursor,The vehicle accelerates normally to target speed and maintains a steady course.,accelerate,The vehicle steadily decelerates to a stop while maintaining a straight course.,decelerate,1,<loc1022>The vehicle accelerates normally to target speed and maintains a steady course.;<loc1021>
27,1,271,280,2,12,BAD,direct,"The vehicle normally follows the route, decelerating to drive with the target speed.",follow,The vehicle steadily decelerates to a stop while maintaining a straight course.,decelerate,1,"<loc1022>The vehicle normally follows the route, decelerating to drive with the target speed.;<loc1021>"
28,1,281,290,2,13,BAD,direct,The vehicle accelerates normally to target speed and maintains a steady lane.,accelerate,The vehicle steadily decelerates to a stop while maintaining a straight course.,decelerate,1,<loc1022>The vehicle accelerates normally to target speed and maintains a steady lane.;<loc1021>
29,1,291,300,2,14,BAD,direct,"The vehicle follows the route with steady lane keeping, normally maintaining its current speed.",follow,The vehicle steadily decelerates to a stop while maintaining a straight course.,decelerate,1,"<loc1022>The vehicle follows the route with steady lane keeping, normally maintaining its current speed.;<loc1021>"
30,1,301,310,3,0,GOOD,,"The vehicle follows the route with steady lane keeping, normally maintaining its current speed.",follow,The vehicle follows the route and maintains speed with a steady course.,follow,1,"<loc1022>The vehicle follows the route with steady lane keeping, normally maintaining its current speed.;<loc1021>"
31,1,311,320,3,1,GOOD,,"The vehicle normally accelerates and then abruptly stops, maintaining a steady course.",accelerate,The vehicle follows the route and maintains speed with a steady course.,follow,1,"<loc1022>The vehicle normally accelerates and then abruptly stops, maintaining a steady course.;<loc1021>"
32,1,321,330,3,2,BAD,precursor,"The vehicle smoothly decelerates to a stop, cautiously adjusting course to the left.",decelerate,The vehicle steadily decelerates to a stop while maintaining a straight course.,decelerate,2,"<loc1022>The vehicle smoothly decelerates to a stop, cautiously adjusting course to the left.;<loc1021>"
33,1,331,340,3,3,BAD,precursor,The vehicle accelerates normally and makes a wide adjustment to the left.,accelerate,The vehicle steadily decelerates to a stop while maintaining a straight course.,decelerate,1,<loc1022>The vehicle accelerates normally and makes a wide adjustment to the left.;<loc1021>
34,1,341,350,3,4,BAD,precursor,The vehicle cautiously decelerates and makes a slight left adjustment for the construction site.,decelerate,The vehicle steadily decelerates to a stop while maintaining a straight course.,decelerate,1,<loc1022>The vehicle cautiously decelerates and makes a slight left adjustment for the construction site.;<loc1021>
35,1,351,360,3,5,BAD,direct,The vehicle accelerates normally while making a wide left adjustment to follow the maroon car.,accelerate,The vehicle steadily decelerates to a stop while maintaining a straight course.,decelerate,1,<loc1022>The vehicle accelerates normally while making a wide left adjustment to follow the maroon car.;<loc1021>
36,1,361,370,3,6,BAD,direct,The vehicle accelerates normally through the junction with a smooth left adjustment.,accelerate,"The vehicle remains stopped, steadily maintaining its position.",stop,1,<loc1022>The vehicle accelerates normally through the junction with a smooth left adjustment.;<loc1021>
37,1,371,380,3,7,BAD,direct,The vehicle accelerates normally to reach the speed limit while making a slight left adjustment.,accelerate,"The vehicle remains stopped, steadily maintaining its position.",stop,1,<loc1022>The vehicle accelerates normally to reach the speed limit while making a slight left adjustment.;<loc1021>
38,1,381,386,3,8,BAD,direct,The vehicle accelerates normally while making a wide turn to the left.,accelerate,"The vehicle remains stopped, steadily maintaining its position.",stop,1,<loc1022>The vehicle accelerates normally while making a wide turn to the left.;<loc1021>
39,2,1,10,4,0,GOOD,,The vehicle accelerates normally to target speed while maintaining a steady course.,accelerate,"The vehicle accelerates normally to follow the front car, establishing a safe initial driving speed.",accelerate,1,<loc1022>The vehicle accelerates normally to target speed while maintaining a steady course.;<loc1021>
40,2,11,20,4,1,GOOD,,The vehicle accelerates normally to follow the maroon car ahead.,accelerate,"The vehicle accelerates normally to follow the front car, establishing a safe initial driving speed.",accelerate,1,<loc1022>The vehicle accelerates normally to follow the maroon car ahead.;<loc1021>
41,2,21,30,4,2,GOOD,,The vehicle accelerates normally to follow the maroon car ahead.,accelerate,"The vehicle accelerates normally to follow the front car, establishing a safe initial driving speed.",accelerate,1,<loc1022>The vehicle accelerates normally to follow the maroon car ahead.;<loc1021>
42,2,31,40,4,3,GOOD,,The vehicle accelerates normally to follow the maroon car ahead.,accelerate,"The vehicle decelerates smoothly to stay behind the front car, driving cautiously.",decelerate,1,<loc1022>The vehicle accelerates normally to follow the maroon car ahead.;<loc1021>
43,2,41,50,4,4,GOOD,,"The vehicle follows the route, maintaining reduced speed cautiously behind the maroon car 12.2 meters ahead.",follow,"The vehicle remains stopped normally, maintaining its position behind the front car.",stop,1,"<loc1022>The vehicle follows the route, maintaining reduced speed cautiously behind the maroon car 12.2 meters ahead.;<loc1021>"
44,2,51,60,4,5,GOOD,,"The vehicle cautiously decelerates, then accelerates normally, maintaining a steady course.",decelerate,"The vehicle remains stopped, patiently waiting behind the stationary front car.",stop,1,"<loc1022>The vehicle cautiously decelerates, then accelerates normally, maintaining a steady course.;<loc1021>"
45,2,61,70,4,6,GOOD,,The vehicle normally accelerates to follow the maroon car ahead.,accelerate,"The vehicle cleanly resumes acceleration as the front vehicle begins moving, making steady route progress.",accelerate,1,<loc1022>The vehicle normally accelerates to follow the maroon car ahead.;<loc1021>
46,2,71,80,4,7,GOOD,,The vehicle accelerates normally to follow the maroon car ahead.,accelerate,"The vehicle cautiously follows the route, maintaining steady lane keeping behind the front car.",follow,1,<loc1022>The vehicle accelerates normally to follow the maroon car ahead.;<loc1021>
47,2,81,90,4,8,GOOD,,The vehicle accelerates normally to follow the maroon car ahead.,accelerate,"The vehicle cautiously follows the route, maintaining steady lane keeping behind the front car.",follow,1,<loc1022>The vehicle accelerates normally to follow the maroon car ahead.;<loc1021>
48,2,91,100,4,9,GOOD,,The vehicle accelerates normally to follow the maroon car ahead.,accelerate,"The vehicle cautiously follows the route, maintaining steady lane keeping behind the front car.",follow,1,<loc1022>The vehicle accelerates normally to follow the maroon car ahead.;<loc1021>
49,2,101,110,4,10,GOOD,,The vehicle accelerates normally to follow the maroon car ahead.,accelerate,"The vehicle cautiously follows the route, maintaining steady lane keeping behind the front car.",follow,1,<loc1022>The vehicle accelerates normally to follow the maroon car ahead.;<loc1021>
50,2,111,120,4,11,GOOD,,The vehicle accelerates normally to follow the maroon car ahead.,accelerate,"The vehicle cautiously follows the route, maintaining steady lane keeping behind the front car.",follow,1,<loc1022>The vehicle accelerates normally to follow the maroon car ahead.;<loc1021>
51,2,121,130,4,12,GOOD,,The vehicle accelerates normally to follow the maroon car ahead.,accelerate,"The vehicle cautiously follows the route, maintaining steady lane keeping behind the front car.",follow,1,<loc1022>The vehicle accelerates normally to follow the maroon car ahead.;<loc1021>
52,2,131,140,4,13,GOOD,,"The vehicle follows the route, decelerating normally to match the target speed.",follow,"The vehicle cautiously follows the route, maintaining steady lane keeping behind the front car.",follow,1,"<loc1022>The vehicle follows the route, decelerating normally to match the target speed.;<loc1021>"
53,2,141,150,4,14,GOOD,,"The vehicle follows the route, maintaining reduced speed behind the maroon car 12.2 meters ahead, with steady lane keeping.",follow,"The vehicle cautiously follows the route, maintaining steady lane keeping behind the front car.",follow,1,"<loc1022>The vehicle follows the route, maintaining reduced speed behind the maroon car 12.2 meters ahead, with steady lane keeping.;<loc1021>"
54,2,151,160,5,0,,,"The vehicle accelerates to follow the maroon SUV, then decelerates, maintaining a steady course.",accelerate,,,0,"<loc1022>The vehicle accelerates to follow the maroon SUV, then decelerates, maintaining a steady course.;<loc1021>"
55,2,161,170,5,1,,,The vehicle accelerates normally to follow the maroon car ahead while maintaining a steady course.,accelerate,,,0,<loc1022>The vehicle accelerates normally to follow the maroon car ahead while maintaining a steady course.;<loc1021>
56,2,171,180,5,2,GOOD,,The vehicle cautiously decelerates to stay behind the maroon car ahead.,decelerate,"The vehicle cautiously follows the route, maintaining steady lane keeping.",follow,1,<loc1022>The vehicle cautiously decelerates to stay behind the maroon car ahead.;<loc1021>
57,2,181,190,5,3,GOOD,,The vehicle accelerates normally to follow the maroon car ahead.,accelerate,"The vehicle cautiously follows the route, maintaining steady lane keeping.",follow,1,<loc1022>The vehicle accelerates normally to follow the maroon car ahead.;<loc1021>
58,2,191,200,5,4,,,The vehicle accelerates normally to follow the maroon car ahead while maintaining a steady course.,accelerate,,,0,<loc1022>The vehicle accelerates normally to follow the maroon car ahead while maintaining a steady course.;<loc1021>
59,2,201,210,5,5,,,The vehicle cautiously decelerates to stay behind the maroon car.,decelerate,,,0,<loc1022>The vehicle cautiously decelerates to stay behind the maroon car.;<loc1021>
60,2,211,220,5,6,,,The vehicle accelerates normally to follow the maroon SUV ahead.,accelerate,,,0,<loc1022>The vehicle accelerates normally to follow the maroon SUV ahead.;<loc1021>
61,2,221,230,5,7,,,"The vehicle follows the route, maintaining a reduced speed and steady lane keeping to stay behind the maroon car.",follow,,,0,"<loc1022>The vehicle follows the route, maintaining a reduced speed and steady lane keeping to stay behind the maroon car.;<loc1021>"
62,2,231,240,5,8,,,The vehicle accelerates normally to follow the maroon car ahead.,accelerate,,,0,<loc1022>The vehicle accelerates normally to follow the maroon car ahead.;<loc1021>
63,2,241,250,5,9,,,The vehicle follows the route and accelerates normally to keep pace with the maroon car ahead.,follow,,,0,<loc1022>The vehicle follows the route and accelerates normally to keep pace with the maroon car ahead.;<loc1021>
64,2,251,260,5,10,BAD,precursor,"The vehicle smoothly decelerates and then accelerates, maintaining a steady course behind the black car.",decelerate,The vehicle follows the route and maintains reduced speed with a steady course.,follow,1,"<loc1022>The vehicle smoothly decelerates and then accelerates, maintaining a steady course behind the black car.;<loc1021>"
65,2,261,270,5,11,BAD,precursor,"The vehicle follows the route, maintaining speed and making slight right adjustments normally.",follow,The vehicle follows the route and maintains reduced speed with a steady course.,follow,1,"<loc1022>The vehicle follows the route, maintaining speed and making slight right adjustments normally.;<loc1021>"
66,2,271,280,5,12,BAD,precursor,"The vehicle normally follows the route, accelerating to reach the speed limit with a slight left adjustment.",follow,The vehicle steadily decelerates to a stop while maintaining a straight course.,decelerate,1,"<loc1022>The vehicle normally follows the route, accelerating to reach the speed limit with a slight left adjustment.;<loc1021>"
67,2,281,290,5,13,BAD,direct,The vehicle accelerates normally to reach the speed limit with steady lane keeping.,accelerate,The vehicle steadily decelerates to a stop while maintaining a straight course.,decelerate,1,<loc1022>The vehicle accelerates normally to reach the speed limit with steady lane keeping.;<loc1021>
68,2,291,300,5,14,BAD,direct,"The vehicle follows the route, maintaining reduced speed and making slight course adjustments to the right.",follow,The vehicle steadily decelerates to a stop while maintaining a straight course.,decelerate,1,"<loc1022>The vehicle follows the route, maintaining reduced speed and making slight course adjustments to the right.;<loc1021>"
69,2,301,310,6,0,BAD,precursor,The vehicle accelerates normally to reach the speed limit while maintaining a steady course.,accelerate,The vehicle steadily decelerates while maintaining a straight course.,decelerate,1,<loc1022>The vehicle accelerates normally to reach the speed limit while maintaining a steady course.;<loc1021>
70,2,311,320,6,1,BAD,direct,The vehicle follows the route and maintains reduced speed with a slight left adjustment.,follow,The vehicle steadily decelerates to a stop while maintaining a straight course.,decelerate,1,<loc1022>The vehicle follows the route and maintains reduced speed with a slight left adjustment.;<loc1021>
71,2,321,330,6,2,BAD,precursor,The vehicle normally accelerates and makes a slight course adjustment to the right.,accelerate,The vehicle steadily decelerates to a stop while maintaining a straight course.,decelerate,1,<loc1022>The vehicle normally accelerates and makes a slight course adjustment to the right.;<loc1021>
72,2,331,340,6,3,BAD,precursor,"The vehicle cautiously decelerates for the construction site, then smoothly accelerates and adjusts course right.",decelerate,"The vehicle remains stopped, steadily maintaining its position.",stop,1,"<loc1022>The vehicle cautiously decelerates for the construction site, then smoothly accelerates and adjusts course right.;<loc1021>"
73,2,341,350,6,4,BAD,precursor,The vehicle normally accelerates and makes a slight right adjustment to follow the route.,accelerate,"The vehicle remains stopped, steadily maintaining its position.",stop,1,<loc1022>The vehicle normally accelerates and makes a slight right adjustment to follow the route.;<loc1021>
74,2,351,360,6,5,BAD,direct,The vehicle accelerates normally and makes a wide right adjustment.,accelerate,"The vehicle remains stopped, steadily maintaining its position.",stop,1,<loc1022>The vehicle accelerates normally and makes a wide right adjustment.;<loc1021>
75,2,361,370,6,6,BAD,direct,The vehicle accelerates normally while making a sharp left adjustment.,accelerate,"The vehicle remains stopped, steadily maintaining its position.",stop,1,<loc1022>The vehicle accelerates normally while making a sharp left adjustment.;<loc1021>
76,2,371,380,6,7,BAD,direct,The vehicle accelerates normally and makes a slight right adjustment.,accelerate,"The vehicle remains stopped, steadily maintaining its position.",stop,1,<loc1022>The vehicle accelerates normally and makes a slight right adjustment.;<loc1021>
77,2,381,390,6,8,BAD,direct,The vehicle normally accelerates to speed and then makes a sharp left adjustment.,accelerate,"The vehicle remains stopped, steadily maintaining its position.",stop,1,<loc1022>The vehicle normally accelerates to speed and then makes a sharp left adjustment.;<loc1021>
78,2,391,391,6,9,BAD,direct,The vehicle accelerates normally through the junction with a smooth leftward adjustment.,accelerate,"The vehicle remains stopped, steadily maintaining its position.",stop,1,<loc1022>The vehicle accelerates normally through the junction with a smooth leftward adjustment.;<loc1021>
79,3,1,10,7,0,,,The vehicle accelerates normally to follow the route and reach the speed limit.,accelerate,"The vehicle remains stopped normally, maintaining its position.",stop,1,<loc1022>The vehicle accelerates normally to follow the route and reach the speed limit.;<loc1021>
80,3,11,20,7,1,,,The vehicle accelerates normally to follow the maroon car ahead.,accelerate,"The vehicle remains stopped normally, maintaining its position.",stop,1,<loc1022>The vehicle accelerates normally to follow the maroon car ahead.;<loc1021>
81,3,21,30,7,2,,,"The vehicle accelerates to follow the maroon car, then decelerates normally.",accelerate,"The vehicle smoothly decelerates to a stop, maintaining a straight course.",decelerate,1,"<loc1022>The vehicle accelerates to follow the maroon car, then decelerates normally.;<loc1021>"
82,3,31,40,7,3,,,The vehicle accelerates normally to follow the maroon car ahead.,accelerate,"The vehicle smoothly decelerates to a stop, maintaining a straight course.",decelerate,1,<loc1022>The vehicle accelerates normally to follow the maroon car ahead.;<loc1021>
83,3,41,50,7,4,GOOD,,The vehicle decelerates smoothly to stay behind the maroon car ahead.,decelerate,"The vehicle smoothly decelerates to a stop, maintaining a straight course.",decelerate,1,<loc1022>The vehicle decelerates smoothly to stay behind the maroon car ahead.;<loc1021>
84,3,51,60,7,5,GOOD,,The vehicle decelerates abruptly to stop behind the maroon SUV.,decelerate,"The vehicle remains stopped normally, maintaining its position.",stop,1,<loc1022>The vehicle decelerates abruptly to stop behind the maroon SUV.;<loc1021>
85,3,61,70,7,6,,,"The vehicle remains stopped, steadily holding its position behind the maroon car.",stop,"The vehicle remains stopped normally, maintaining its position.",stop,1,"<loc1022>The vehicle remains stopped, steadily holding its position behind the maroon car.;<loc1021>"
86,3,71,80,7,7,GOOD,,The vehicle accelerates normally to follow the maroon car ahead.,accelerate,"The vehicle accelerates steadily to follow the vehicle ahead, maintaining a straight course.",accelerate,1,<loc1022>The vehicle accelerates normally to follow the maroon car ahead.;<loc1021>
87,3,81,90,7,8,GOOD,,The vehicle follows the route and accelerates normally to follow the maroon car ahead.,follow,"The vehicle accelerates steadily to follow the vehicle ahead, maintaining a straight course.",accelerate,1,<loc1022>The vehicle follows the route and accelerates normally to follow the maroon car ahead.;<loc1021>
88,3,91,100,7,9,,,"The vehicle accelerates to follow the maroon car ahead, maintaining a steady course.",accelerate,"The vehicle follows the route, maintaining a stable speed and centering itself in the lane.",follow,1,"<loc1022>The vehicle accelerates to follow the maroon car ahead, maintaining a steady course.;<loc1021>"
89,3,101,110,7,10,,,The vehicle accelerates normally to follow the maroon car ahead.,accelerate,"The vehicle follows the route, maintaining a stable speed and centering itself in the lane.",follow,1,<loc1022>The vehicle accelerates normally to follow the maroon car ahead.;<loc1021>
90,3,111,120,7,11,,,"The vehicle normally follows the route, maintaining reduced speed behind the maroon car 11.0 meters ahead.",follow,"The vehicle follows the route, maintaining a stable speed and centering itself in the lane.",follow,1,"<loc1022>The vehicle normally follows the route, maintaining reduced speed behind the maroon car 11.0 meters ahead.;<loc1021>"
91,3,121,130,7,12,,,"The vehicle accelerates normally to follow the maroon car, maintaining a steady course.",accelerate,"The vehicle follows the route, maintaining a stable speed and centering itself in the lane.",follow,1,"<loc1022>The vehicle accelerates normally to follow the maroon car, maintaining a steady course.;<loc1021>"
92,3,131,140,7,13,GOOD,,The vehicle follows the route and accelerates normally to follow the maroon SUV.,follow,"The vehicle follows the route, maintaining a stable speed and centering itself in the lane.",follow,1,<loc1022>The vehicle follows the route and accelerates normally to follow the maroon SUV.;<loc1021>
93,3,141,150,7,14,GOOD,,"The vehicle follows the route, maintaining reduced speed to stay behind the maroon car, with steady lane keeping.",follow,"The vehicle follows the route, maintaining a stable speed and centering itself in the lane.",follow,1,"<loc1022>The vehicle follows the route, maintaining reduced speed to stay behind the maroon car, with steady lane keeping.;<loc1021>"
94,3,151,160,8,0,,,"The vehicle follows the route, maintaining a steady speed behind the maroon car with slight course adjustments.",follow,,,0,"<loc1022>The vehicle follows the route, maintaining a steady speed behind the maroon car with slight course adjustments.;<loc1021>"
95,3,161,170,8,1,,,"The vehicle smoothly decelerates and then accelerates, maintaining a steady lane keeping.",decelerate,,,0,"<loc1022>The vehicle smoothly decelerates and then accelerates, maintaining a steady lane keeping.;<loc1021>"
96,3,171,180,8,2,GOOD,,"The vehicle accelerates to follow the maroon car, maintaining a steady course.",accelerate,"The vehicle cautiously follows the route, maintaining steady lane keeping behind the lead vehicle.",follow,1,"<loc1022>The vehicle accelerates to follow the maroon car, maintaining a steady course.;<loc1021>"
97,3,181,190,8,3,GOOD,,"The vehicle follows the route, maintaining reduced speed to stay behind the maroon car, normally.",follow,"The vehicle cautiously follows the route, maintaining steady lane keeping behind the lead vehicle.",follow,1,"<loc1022>The vehicle follows the route, maintaining reduced speed to stay behind the maroon car, normally.;<loc1021>"
98,3,191,200,8,4,,,"The vehicle follows the route, maintaining a steady speed behind the maroon car 12.7 meters ahead.",follow,,,0,"<loc1022>The vehicle follows the route, maintaining a steady speed behind the maroon car 12.7 meters ahead.;<loc1021>"
99,3,201,210,8,5,,,"The vehicle accelerates to follow the maroon car, then decelerates normally.",accelerate,,,0,"<loc1022>The vehicle accelerates to follow the maroon car, then decelerates normally.;<loc1021>"
100,3,211,220,8,6,,,"The vehicle decelerates to stay behind the maroon car, then accelerates normally.",decelerate,,,0,"<loc1022>The vehicle decelerates to stay behind the maroon car, then accelerates normally.;<loc1021>"
101,3,221,230,8,7,,,"The vehicle follows the route, maintaining reduced speed and steady lane keeping behind the maroon car.",follow,,,0,"<loc1022>The vehicle follows the route, maintaining reduced speed and steady lane keeping behind the maroon car.;<loc1021>"
102,3,231,240,8,8,GOOD,,"The vehicle follows the route, accelerating normally to keep pace with the maroon car ahead.",follow,"The vehicle seamlessly continues forward along the route, maintaining speed and steady lane keeping.",maintain,1,"<loc1022>The vehicle follows the route, accelerating normally to keep pace with the maroon car ahead.;<loc1021>"
103,3,241,250,8,9,GOOD,,"The vehicle accelerates to follow the maroon car, then decelerates normally while maintaining a steady course.",accelerate,"The vehicle seamlessly continues forward along the route, maintaining speed and steady lane keeping.",maintain,1,"<loc1022>The vehicle accelerates to follow the maroon car, then decelerates normally while maintaining a steady course.;<loc1021>"
104,3,251,260,8,10,,,"The vehicle smoothly decelerates to stay behind the maroon car, normally following the route.",decelerate,,,0,"<loc1022>The vehicle smoothly decelerates to stay behind the maroon car, normally following the route.;<loc1021>"
105,3,261,270,8,11,,,The vehicle normally accelerates to target speed with steady lane keeping.,accelerate,,,0,<loc1022>The vehicle normally accelerates to target speed with steady lane keeping.;<loc1021>
106,3,271,280,8,12,GOOD,,The vehicle decelerates normally and makes a slight adjustment to the left.,decelerate,"The vehicle normally follows the route, maintaining its speed with excellent lane centering.",follow,1,<loc1022>The vehicle decelerates normally and makes a slight adjustment to the left.;<loc1021>
107,3,281,290,8,13,GOOD,,The vehicle accelerates to speed limit and then decelerates normally.,accelerate,"The vehicle normally follows the route, maintaining its speed with excellent lane centering.",follow,1,<loc1022>The vehicle accelerates to speed limit and then decelerates normally.;<loc1021>
108,3,291,300,8,14,,,"The vehicle follows the route, maintaining reduced speed with a slight left adjustment.",follow,,,0,"<loc1022>The vehicle follows the route, maintaining reduced speed with a slight left adjustment.;<loc1021>"
109,3,301,310,9,0,BAD,precursor,The vehicle normally decelerates to a stop while maintaining a steady course.,decelerate,"The vehicle cautiously reduces speed, maintaining a steady course.",decelerate,1,<loc1022>The vehicle normally decelerates to a stop while maintaining a steady course.;<loc1021>
110,3,311,320,9,1,BAD,precursor,The vehicle normally accelerates to target speed and then decelerates while making a slight adjustment to the right.,accelerate,The vehicle steadily decelerates while maintaining a straight course.,decelerate,1,<loc1022>The vehicle normally accelerates to target speed and then decelerates while making a slight adjustment to the right.;<loc1021>
111,3,321,330,9,2,BAD,precursor,"The vehicle follows the route with steady lane keeping, normally maintaining its current speed.",follow,The vehicle steadily decelerates to a stop while maintaining a straight course.,decelerate,1,"<loc1022>The vehicle follows the route with steady lane keeping, normally maintaining its current speed.;<loc1021>"
112,3,331,340,9,3,BAD,precursor,The vehicle smoothly adjusts course to the left while accelerating normally to merge with traffic.,maintain,"The vehicle decelerates smoothly to a stop, driving cautiously.",decelerate,1,<loc1022>The vehicle smoothly adjusts course to the left while accelerating normally to merge with traffic.;<loc1021>
113,3,341,350,9,4,BAD,direct,The vehicle normally accelerates and makes a wide left adjustment around the construction site.,accelerate,"The vehicle decelerates smoothly to a stop, driving cautiously.",decelerate,1,<loc1022>The vehicle normally accelerates and makes a wide left adjustment around the construction site.;<loc1021>
114,3,351,360,9,5,BAD,direct,The vehicle accelerates normally to the target speed while maintaining a steady lane.,accelerate,"The vehicle decelerates smoothly to a stop, driving cautiously.",decelerate,1,<loc1022>The vehicle accelerates normally to the target speed while maintaining a steady lane.;<loc1021>
115,3,361,370,9,6,BAD,direct,"The vehicle follows the route, cautiously adjusting its course left while maintaining steady speed.",follow,"The vehicle decelerates smoothly to a stop, driving cautiously.",decelerate,1,"<loc1022>The vehicle follows the route, cautiously adjusting its course left while maintaining steady speed.;<loc1021>"
116,3,371,380,9,7,BAD,direct,The vehicle accelerates normally through the clear junction with a smooth left adjustment.,accelerate,"The vehicle remains stopped, steadily maintaining its position.",stop,1,<loc1022>The vehicle accelerates normally through the clear junction with a smooth left adjustment.;<loc1021>
117,3,381,390,9,8,BAD,direct,The vehicle normally accelerates through the junction with a smooth left adjustment.,accelerate,"The vehicle remains stopped, steadily maintaining its position.",stop,1,<loc1022>The vehicle normally accelerates through the junction with a smooth left adjustment.;<loc1021>
118,3,391,400,9,9,BAD,direct,"The vehicle accelerates normally from a stop, making a slight left adjustment.",accelerate,"The vehicle remains stopped, steadily maintaining its position.",stop,1,"<loc1022>The vehicle accelerates normally from a stop, making a slight left adjustment.;<loc1021>"
119,3,401,406,9,10,BAD,direct,"The vehicle remains stopped, following the route and staying behind the black car to the front left.",stop,"The vehicle remains stopped, steadily maintaining its position.",stop,1,"<loc1022>The vehicle remains stopped, following the route and staying behind the black car to the front left.;<loc1021>"
120,4,1,10,10,0,GOOD,,The vehicle accelerates normally to follow the route and reach the speed limit.,accelerate,"The vehicle accelerates steadily to follow the front car, maintaining a straight course.",accelerate,1,<loc1022>The vehicle accelerates normally to follow the route and reach the speed limit.;<loc1021>
121,4,11,20,10,1,GOOD,,The vehicle accelerates normally to follow the maroon car ahead.,accelerate,"The vehicle accelerates steadily to follow the front car, maintaining a straight course.",accelerate,1,<loc1022>The vehicle accelerates normally to follow the maroon car ahead.;<loc1021>
122,4,21,30,10,2,,,"The vehicle follows the route, accelerating normally to drive with the target speed and making slight course adjustments.",follow,,,0,"<loc1022>The vehicle follows the route, accelerating normally to drive with the target speed and making slight course adjustments.;<loc1021>"
123,4,31,40,10,3,BAD,precursor,The vehicle normally follows the route and accelerates to follow the maroon car ahead.,follow,"The vehicle maintains a steady speed while following the route, staying behind the front car.",maintain,1,<loc1022>The vehicle normally follows the route and accelerates to follow the maroon car ahead.;<loc1021>
124,4,41,50,10,4,BAD,direct,The vehicle accelerates normally to follow the maroon car ahead.,accelerate,"The vehicle maintains a steady speed while following the route, staying behind the front car.",maintain,1,<loc1022>The vehicle accelerates normally to follow the maroon car ahead.;<loc1021>
125,4,51,60,10,5,,,The vehicle follows the route and accelerates normally to follow the maroon car ahead.,follow,,,0,<loc1022>The vehicle follows the route and accelerates normally to follow the maroon car ahead.;<loc1021>
126,4,61,70,10,6,BAD,precursor,"The vehicle decelerates to a stop behind the maroon car ahead, maintaining a steady course.",decelerate,"The vehicle follows the route, maintaining a steady speed and safe following distance.",follow,1,"<loc1022>The vehicle decelerates to a stop behind the maroon car ahead, maintaining a steady course.;<loc1021>"
127,4,71,80,10,7,BAD,precursor,The vehicle steadily accelerates to follow the maroon car ahead.,accelerate,"The vehicle follows the route, maintaining a steady speed and safe following distance.",follow,1,<loc1022>The vehicle steadily accelerates to follow the maroon car ahead.;<loc1021>
128,4,81,90,10,8,BAD,direct,"The vehicle accelerates to follow the maroon car, then decelerates normally.",accelerate,"The vehicle decelerates smoothly to stay behind the front car, driving cautiously.",decelerate,1,"<loc1022>The vehicle accelerates to follow the maroon car, then decelerates normally.;<loc1021>"
129,4,91,100,10,9,BAD,direct,"The vehicle follows the route, accelerating normally to drive with the target speed while maintaining a steady course.",follow,"The vehicle accelerates steadily to follow the front car, maintaining a straight course.",accelerate,1,"<loc1022>The vehicle follows the route, accelerating normally to drive with the target speed while maintaining a steady course.;<loc1021>"
130,4,101,110,10,10,,,The vehicle accelerates normally to follow the maroon car ahead.,accelerate,,,0,<loc1022>The vehicle accelerates normally to follow the maroon car ahead.;<loc1021>
131,4,111,120,10,11,,,"The vehicle follows the route, accelerating to match the maroon car ahead, maintaining a steady course.",follow,,,0,"<loc1022>The vehicle follows the route, accelerating to match the maroon car ahead, maintaining a steady course.;<loc1021>"
132,4,121,130,10,12,GOOD,,"The vehicle normally follows the route, maintaining reduced speed behind the maroon car.",follow,"The vehicle smoothly follows the route, maintaining steady lane keeping behind the front car.",follow,1,"<loc1022>The vehicle normally follows the route, maintaining reduced speed behind the maroon car.;<loc1021>"
133,4,131,140,10,13,GOOD,,"The vehicle follows the route, maintaining reduced speed to stay behind the maroon car at 13.4 meters, with steady lane keeping.",follow,"The vehicle smoothly follows the route, maintaining steady lane keeping behind the front car.",follow,1,"<loc1022>The vehicle follows the route, maintaining reduced speed to stay behind the maroon car at 13.4 meters, with steady lane keeping.;<loc1021>"
134,4,141,150,10,14,,,"The vehicle accelerates to follow the maroon car ahead, maintaining a steady course.",accelerate,,,0,"<loc1022>The vehicle accelerates to follow the maroon car ahead, maintaining a steady course.;<loc1021>"
135,4,151,160,11,0,GOOD,,The vehicle follows the route and accelerates normally to follow the maroon car ahead.,follow,"The vehicle cautiously follows the route, maintaining steady lane keeping behind the front car.",follow,1,<loc1022>The vehicle follows the route and accelerates normally to follow the maroon car ahead.;<loc1021>
136,4,161,170,11,1,GOOD,,The vehicle follows the route and accelerates normally to keep pace with the maroon car ahead.,follow,"The vehicle cautiously follows the route, maintaining steady lane keeping behind the front car.",follow,1,<loc1022>The vehicle follows the route and accelerates normally to keep pace with the maroon car ahead.;<loc1021>
137,4,171,180,11,2,GOOD,,"The vehicle follows the route and maintains reduced speed, normally adjusting its course slightly to the left.",follow,"The vehicle cautiously follows the route, maintaining steady lane keeping behind the front car.",follow,1,"<loc1022>The vehicle follows the route and maintains reduced speed, normally adjusting its course slightly to the left.;<loc1021>"
138,4,181,190,11,3,GOOD,,"The vehicle smoothly decelerates and then accelerates, maintaining a steady course.",decelerate,"The vehicle cautiously follows the route, maintaining steady lane keeping behind the front car.",follow,1,"<loc1022>The vehicle smoothly decelerates and then accelerates, maintaining a steady course.;<loc1021>"
139,4,191,200,11,4,,,The vehicle steadily maintains its course while accelerating to follow the maroon car.,maintain,"The vehicle cautiously follows the route, maintaining steady lane keeping behind the front car.",follow,1,<loc1022>The vehicle steadily maintains its course while accelerating to follow the maroon car.;<loc1021>
140,4,201,210,11,5,,,"The vehicle smoothly decelerates to stay behind the maroon car ahead, then accelerates normally.",decelerate,"The vehicle cautiously follows the route, maintaining steady lane keeping behind the front car.",follow,1,"<loc1022>The vehicle smoothly decelerates to stay behind the maroon car ahead, then accelerates normally.;<loc1021>"
141,4,211,220,11,6,BAD,precursor,The vehicle accelerates normally to follow the maroon car ahead.,accelerate,The vehicle steadily decelerates to a stop while maintaining a straight course.,decelerate,1,<loc1022>The vehicle accelerates normally to follow the maroon car ahead.;<loc1021>
142,4,221,230,11,7,BAD,precursor,"The vehicle accelerates normally to follow the maroon car ahead, maintaining a steady course.",accelerate,The vehicle steadily decelerates to a stop while maintaining a straight course.,decelerate,1,"<loc1022>The vehicle accelerates normally to follow the maroon car ahead, maintaining a steady course.;<loc1021>"
143,4,231,240,11,8,BAD,precursor,"The vehicle accelerates to follow the maroon car, then decelerates, maintaining a steady course.",accelerate,The vehicle steadily decelerates to a stop while maintaining a straight course.,decelerate,1,"<loc1022>The vehicle accelerates to follow the maroon car, then decelerates, maintaining a steady course.;<loc1021>"
144,4,241,250,11,9,BAD,precursor,"The vehicle follows the route, accelerating to match the maroon car, then decelerating normally.",follow,The vehicle steadily decelerates to a stop while maintaining a straight course.,decelerate,1,"<loc1022>The vehicle follows the route, accelerating to match the maroon car, then decelerating normally.;<loc1021>"
145,4,251,260,11,10,BAD,direct,"The vehicle follows the route, maintaining reduced speed, and makes slight adjustments to the left.",follow,The vehicle steadily decelerates to a stop while maintaining a straight course.,decelerate,1,"<loc1022>The vehicle follows the route, maintaining reduced speed, and makes slight adjustments to the left.;<loc1021>"
146,4,261,270,11,11,BAD,direct,The vehicle accelerates normally and maintains a steady course.,accelerate,The vehicle steadily decelerates to a stop while maintaining a straight course.,decelerate,1,<loc1022>The vehicle accelerates normally and maintains a steady course.;<loc1021>
147,4,271,280,11,12,BAD,direct,The vehicle accelerates normally while making a slight left adjustment.,accelerate,The vehicle steadily decelerates to a stop while maintaining a straight course.,decelerate,1,<loc1022>The vehicle accelerates normally while making a slight left adjustment.;<loc1021>
148,4,281,290,11,13,BAD,direct,"The vehicle accelerates normally to reach the speed limit, then decelerates abruptly to a stop.",accelerate,The vehicle steadily decelerates to a stop while maintaining a straight course.,decelerate,1,"<loc1022>The vehicle accelerates normally to reach the speed limit, then decelerates abruptly to a stop.;<loc1021>"
149,4,291,300,11,14,BAD,direct,"The vehicle normally follows the route, accelerating to speed limit and then braking abruptly to a stop.",follow,The vehicle steadily decelerates to a stop while maintaining a straight course.,decelerate,1,"<loc1022>The vehicle normally follows the route, accelerating to speed limit and then braking abruptly to a stop.;<loc1021>"
150,4,301,310,12,0,,,"The vehicle follows the route, decelerating to a stop while maintaining a straight course.",follow,The vehicle follows the route and maintains reduced speed with a steady course.,follow,1,"<loc1022>The vehicle follows the route, decelerating to a stop while maintaining a straight course.;<loc1021>"
151,4,311,320,12,1,,,"The vehicle follows the route, accelerating normally and maintaining a straight course.",follow,The vehicle follows the route and maintains reduced speed with a steady course.,follow,1,"<loc1022>The vehicle follows the route, accelerating normally and maintaining a straight course.;<loc1021>"
152,4,321,330,12,2,GOOD,,The vehicle steadily decelerates to a stop while maintaining a straight course.,decelerate,The vehicle steadily decelerates to a stop while maintaining a straight course.,decelerate,1,<loc1022>The vehicle steadily decelerates to a stop while maintaining a straight course.;<loc1021>
153,4,331,340,12,3,GOOD,,The vehicle normally maintains its course while adjusting speed to follow the route.,maintain,The vehicle steadily decelerates to a stop while maintaining a straight course.,decelerate,1,<loc1022>The vehicle normally maintains its course while adjusting speed to follow the route.;<loc1021>
154,4,341,350,12,4,GOOD,,"The vehicle remains stopped, cautiously waiting for the car ahead.",stop,The vehicle steadily decelerates to a stop while maintaining a straight course.,decelerate,1,"<loc1022>The vehicle remains stopped, cautiously waiting for the car ahead.;<loc1021>"
155,4,351,360,12,5,GOOD,,"The vehicle waits for a gap, then normally changes lanes with a slight left adjustment.",stop,"The vehicle remains stopped normally, steadily maintaining its position.",stop,1,"<loc1022>The vehicle waits for a gap, then normally changes lanes with a slight left adjustment.;<loc1021>"
156,4,361,370,12,6,GOOD,,The vehicle normally accelerates to target speed while making a slight left adjustment.,accelerate,"The vehicle remains stopped normally, steadily maintaining its position.",stop,1,<loc1022>The vehicle normally accelerates to target speed while making a slight left adjustment.;<loc1021>
157,4,371,380,12,7,,,"The vehicle remains stopped, steadily maintaining its position.",stop,"The vehicle remains stopped normally, steadily maintaining its position.",stop,1,"<loc1022>The vehicle remains stopped, steadily maintaining its position.;<loc1021>"
158,4,381,390,12,8,,,"The vehicle remains stopped, waiting for the construction site and traffic light.",stop,"The vehicle remains stopped normally, steadily maintaining its position.",stop,1,"<loc1022>The vehicle remains stopped, waiting for the construction site and traffic light.;<loc1021>"
159,4,391,400,12,9,,,"The vehicle accelerates normally, maintaining a steady course around the construction site.",accelerate,"The vehicle remains stopped normally, steadily maintaining its position.",stop,1,"<loc1022>The vehicle accelerates normally, maintaining a steady course around the construction site.;<loc1021>"
160,4,401,410,12,10,,,"The vehicle remains stopped, steady on its course, waiting for a gap in traffic.",stop,"The vehicle remains stopped normally, steadily maintaining its position.",stop,1,"<loc1022>The vehicle remains stopped, steady on its course, waiting for a gap in traffic.;<loc1021>"
161,4,411,420,12,11,,,"The vehicle remains stopped, steadily maintaining its position.",stop,"The vehicle remains stopped normally, steadily maintaining its position.",stop,1,"<loc1022>The vehicle remains stopped, steadily maintaining its position.;<loc1021>"
162,4,421,430,12,12,,,"The vehicle remains stopped, steadily maintaining its position.",stop,"The vehicle remains stopped normally, steadily maintaining its position.",stop,1,"<loc1022>The vehicle remains stopped, steadily maintaining its position.;<loc1021>"
163,4,431,440,12,13,,,"The vehicle remains stopped, steadily maintaining its position.",stop,"The vehicle remains stopped normally, steadily maintaining its position.",stop,1,"<loc1022>The vehicle remains stopped, steadily maintaining its position.;<loc1021>"
164,4,441,450,12,14,,,"The vehicle remains stopped, steadily following the route.",stop,"The vehicle remains stopped normally, steadily maintaining its position.",stop,1,"<loc1022>The vehicle remains stopped, steadily following the route.;<loc1021>"
165,4,451,460,13,0,GOOD,,"The vehicle remains stopped, steadily maintaining its position behind the black car.",stop,"The vehicle remains stopped, steadily maintaining its position.",stop,1,"<loc1022>The vehicle remains stopped, steadily maintaining its position behind the black car.;<loc1021>"
166,4,461,470,13,1,GOOD,,"The vehicle remains stopped, steadily maintaining its position.",stop,"The vehicle remains stopped, steadily maintaining its position.",stop,1,"<loc1022>The vehicle remains stopped, steadily maintaining its position.;<loc1021>"
167,4,471,480,13,2,GOOD,,"The vehicle accelerates to drive with target speed, making a slight rightward adjustment.",accelerate,"The vehicle remains stopped, steadily maintaining its position.",stop,1,"<loc1022>The vehicle accelerates to drive with target speed, making a slight rightward adjustment.;<loc1021>"
168,4,481,490,13,3,BAD,precursor,"The vehicle remains stopped, steadily maintaining its position.",stop,"The vehicle remains stopped, steadily maintaining its position.",stop,1,"<loc1022>The vehicle remains stopped, steadily maintaining its position.;<loc1021>"
169,4,491,500,13,4,BAD,precursor,"The vehicle proceeds normally, maintaining a steady course and speed around the construction site.",accelerate,"The vehicle remains stopped, steadily maintaining its position.",stop,1,"<loc1022>The vehicle proceeds normally, maintaining a steady course and speed around the construction site.;<loc1021>"
170,4,501,510,13,5,BAD,precursor,"The vehicle remains stopped, steadily maintaining its position.",stop,"The vehicle remains stopped, steadily maintaining its position.",stop,1,"<loc1022>The vehicle remains stopped, steadily maintaining its position.;<loc1021>"
171,4,511,520,13,6,BAD,precursor,"The vehicle remains stopped, following the route and staying behind the black car.",stop,"The vehicle remains stopped, steadily maintaining its position.",stop,1,"<loc1022>The vehicle remains stopped, following the route and staying behind the black car.;<loc1021>"
172,4,521,530,13,7,BAD,direct,"The vehicle remained stopped, then accelerated normally while maintaining a steady course.",stop,"The vehicle remains stopped, steadily maintaining its position.",stop,1,"<loc1022>The vehicle remained stopped, then accelerated normally while maintaining a steady course.;<loc1021>"
173,4,531,540,13,8,BAD,direct,"The vehicle accelerates normally, then makes a wide left adjustment before steadying its course.",accelerate,"The vehicle remains stopped, steadily maintaining its position.",stop,1,"<loc1022>The vehicle accelerates normally, then makes a wide left adjustment before steadying its course.;<loc1021>"
174,4,541,550,13,9,BAD,direct,The vehicle normally proceeds straight after stopping for a pedestrian.,accelerate,"The vehicle remains stopped, steadily maintaining its position.",stop,1,<loc1022>The vehicle normally proceeds straight after stopping for a pedestrian.;<loc1021>
175,4,551,560,13,10,BAD,direct,The vehicle cautiously waits for a gap in traffic before changing lanes.,stop,"The vehicle remains stopped, steadily maintaining its position.",stop,1,<loc1022>The vehicle cautiously waits for a gap in traffic before changing lanes.;<loc1021>
176,4,561,570,13,11,,,"The vehicle remains stopped, steadily maintaining its position.",stop,,,0,"<loc1022>The vehicle remains stopped, steadily maintaining its position.;<loc1021>"
177,4,571,580,13,12,,,"The vehicle remains stopped normally, waiting for a gap in traffic while a gap is sufficient.",stop,,,0,"<loc1022>The vehicle remains stopped normally, waiting for a gap in traffic while a gap is sufficient.;<loc1021>"
178,4,581,590,13,13,GOOD,,"The vehicle remains stopped, waiting for a gap in traffic before changing lanes.",stop,The vehicle decelerates steadily to a stop while maintaining a straight course.,decelerate,1,"<loc1022>The vehicle remains stopped, waiting for a gap in traffic before changing lanes.;<loc1021>"
179,4,591,600,13,14,GOOD,,"The vehicle remains stopped, staying behind the black car to the front left, normally.",stop,"The vehicle remains stopped, steadily maintaining its position.",stop,1,"<loc1022>The vehicle remains stopped, staying behind the black car to the front left, normally.;<loc1021>"
180,4,601,610,14,0,GOOD,,"The vehicle remains stopped, steadily maintaining its position.",stop,"The vehicle remains stopped, steadily maintaining its position.",stop,1,"<loc1022>The vehicle remains stopped, steadily maintaining its position.;<loc1021>"
181,4,611,620,14,1,GOOD,,"The vehicle remains stopped, steadily maintaining its position.",stop,"The vehicle remains stopped, steadily maintaining its position.",stop,1,"<loc1022>The vehicle remains stopped, steadily maintaining its position.;<loc1021>"
182,4,621,630,14,2,,,The vehicle normally accelerates to the target speed while maintaining a steady course.,accelerate,"The vehicle remains stopped, steadily maintaining its position.",stop,1,<loc1022>The vehicle normally accelerates to the target speed while maintaining a steady course.;<loc1021>
183,4,631,640,14,3,,,"The vehicle remained stopped, then accelerated normally and made a slight course adjustment to the right.",stop,"The vehicle remains stopped, steadily maintaining its position.",stop,1,"<loc1022>The vehicle remained stopped, then accelerated normally and made a slight course adjustment to the right.;<loc1021>"
184,4,641,650,14,4,,,"The vehicle remains stopped, steadily maintaining its position.",stop,"The vehicle remains stopped, steadily maintaining its position.",stop,1,"<loc1022>The vehicle remains stopped, steadily maintaining its position.;<loc1021>"
185,4,651,660,14,5,,,"The vehicle remains stopped, steadily maintaining its position.",stop,"The vehicle remains stopped, steadily maintaining its position.",stop,1,"<loc1022>The vehicle remains stopped, steadily maintaining its position.;<loc1021>"
186,4,661,670,14,6,,,"The vehicle remains stopped, steadily maintaining its position.",stop,"The vehicle remains stopped, steadily maintaining its position.",stop,1,"<loc1022>The vehicle remains stopped, steadily maintaining its position.;<loc1021>"
187,4,671,680,14,7,,,"The vehicle remains stopped, steadily maintaining its position.",stop,"The vehicle remains stopped, steadily maintaining its position.",stop,1,"<loc1022>The vehicle remains stopped, steadily maintaining its position.;<loc1021>"
188,4,681,690,14,8,,,The vehicle accelerates normally to reach the speed limit while maintaining a steady course.,accelerate,"The vehicle remains stopped, steadily maintaining its position.",stop,1,<loc1022>The vehicle accelerates normally to reach the speed limit while maintaining a steady course.;<loc1021>
189,4,691,700,14,9,,,"The vehicle remained stopped, following the route and staying behind the black car to the front left.",stop,"The vehicle remains stopped, steadily maintaining its position.",stop,1,"<loc1022>The vehicle remained stopped, following the route and staying behind the black car to the front left.;<loc1021>"
190,4,701,710,14,10,BAD,precursor,"The vehicle remains stopped, steadily maintaining its position.",stop,"The vehicle remains stopped, steadily maintaining its position.",stop,1,"<loc1022>The vehicle remains stopped, steadily maintaining its position.;<loc1021>"
191,4,711,720,14,11,BAD,direct,"The vehicle normally proceeds after a steady stop, with a slight rightward course adjustment.",accelerate,"The vehicle remains stopped, steadily maintaining its position.",stop,1,"<loc1022>The vehicle normally proceeds after a steady stop, with a slight rightward course adjustment.;<loc1021>"
192,4,721,730,14,12,BAD,direct,The vehicle normally makes a wide right adjustment while accelerating to target speed.,turn right,"The vehicle remains stopped, steadily maintaining its position.",stop,1,<loc1022>The vehicle normally makes a wide right adjustment while accelerating to target speed.;<loc1021>
193,4,731,740,14,13,BAD,direct,"The vehicle remains stopped, steadily maintaining its position.",stop,"The vehicle remains stopped, steadily maintaining its position.",stop,1,"<loc1022>The vehicle remains stopped, steadily maintaining its position.;<loc1021>"
194,4,741,750,14,14,BAD,direct,"The vehicle remains stopped, steadily maintaining its position.",stop,"The vehicle remains stopped, steadily maintaining its position.",stop,1,"<loc1022>The vehicle remains stopped, steadily maintaining its position.;<loc1021>"
195,4,751,760,15,0,GOOD,,The vehicle steadily accelerates normally while maintaining a straight course.,accelerate,"The vehicle remains stopped, steadily maintaining its position.",stop,1,<loc1022>The vehicle steadily accelerates normally while maintaining a straight course.;<loc1021>
196,4,761,770,15,1,GOOD,,"The vehicle remains stopped, steadily maintaining its position.",stop,"The vehicle remains stopped, steadily maintaining its position.",stop,1,"<loc1022>The vehicle remains stopped, steadily maintaining its position.;<loc1021>"
197,4,771,780,15,2,GOOD,,"The vehicle remains stopped, steadily maintaining its position.",stop,"The vehicle remains stopped, steadily maintaining its position.",stop,1,"<loc1022>The vehicle remains stopped, steadily maintaining its position.;<loc1021>"
198,4,781,790,15,3,GOOD,,The vehicle normally accelerates and makes a sharp right adjustment to follow the route.,accelerate,"The vehicle remains stopped, steadily maintaining its position.",stop,1,<loc1022>The vehicle normally accelerates and makes a sharp right adjustment to follow the route.;<loc1021>
199,4,791,800,15,4,GOOD,,"The vehicle remains stopped, steadily maintaining its position.",stop,"The vehicle remains stopped, steadily maintaining its position.",stop,1,"<loc1022>The vehicle remains stopped, steadily maintaining its position.;<loc1021>"
200,4,801,810,15,5,GOOD,,"The vehicle remains stopped, steadily maintaining its position.",stop,"The vehicle remains stopped, steadily maintaining its position.",stop,1,"<loc1022>The vehicle remains stopped, steadily maintaining its position.;<loc1021>"
201,4,811,820,15,6,GOOD,,"The vehicle remains stopped, steadily maintaining its position.",stop,"The vehicle remains stopped, steadily maintaining its position.",stop,1,"<loc1022>The vehicle remains stopped, steadily maintaining its position.;<loc1021>"
202,4,821,830,15,7,GOOD,,"The vehicle remains stopped, steadily maintaining its position.",stop,"The vehicle remains stopped, steadily maintaining its position.",stop,1,"<loc1022>The vehicle remains stopped, steadily maintaining its position.;<loc1021>"
203,4,831,840,15,8,GOOD,,"The vehicle remains stopped, steadily maintaining its position.",stop,"The vehicle remains stopped, steadily maintaining its position.",stop,1,"<loc1022>The vehicle remains stopped, steadily maintaining its position.;<loc1021>"
204,4,841,850,15,9,GOOD,,"The vehicle remains stopped, steadily maintaining its position.",stop,"The vehicle remains stopped, steadily maintaining its position.",stop,1,"<loc1022>The vehicle remains stopped, steadily maintaining its position.;<loc1021>"
205,4,851,860,15,10,GOOD,,"The vehicle remains stopped, steadily maintaining its position.",stop,"The vehicle remains stopped, steadily maintaining its position.",stop,1,"<loc1022>The vehicle remains stopped, steadily maintaining its position.;<loc1021>"
206,4,861,870,15,11,BAD,precursor,"The vehicle remains stopped, steadily maintaining its position.",stop,"The vehicle remains stopped, steadily maintaining its position.",stop,1,"<loc1022>The vehicle remains stopped, steadily maintaining its position.;<loc1021>"
207,4,871,880,15,12,BAD,direct,"The vehicle remains stopped, steadily maintaining its position.",stop,"The vehicle remains stopped, steadily maintaining its position.",stop,1,"<loc1022>The vehicle remains stopped, steadily maintaining its position.;<loc1021>"
208,4,881,890,15,13,BAD,direct,"The vehicle remains stopped, waiting for the car ahead.",stop,"The vehicle remains stopped, steadily maintaining its position.",stop,1,"<loc1022>The vehicle remains stopped, waiting for the car ahead.;<loc1021>"
209,4,891,900,15,14,BAD,direct,"The vehicle remains stopped, steadily maintaining its position.",stop,"The vehicle remains stopped, steadily maintaining its position.",stop,1,"<loc1022>The vehicle remains stopped, steadily maintaining its position.;<loc1021>"
210,4,901,910,16,0,GOOD,,"The vehicle remains stopped, cautiously paying attention to the walker and braking if necessary.",stop,"The vehicle remains stopped, steadily maintaining its position.",stop,1,"<loc1022>The vehicle remains stopped, cautiously paying attention to the walker and braking if necessary.;<loc1021>"
211,4,911,920,16,1,GOOD,,The vehicle normally remains stopped due to the construction site.,stop,"The vehicle remains stopped, steadily maintaining its position.",stop,1,<loc1022>The vehicle normally remains stopped due to the construction site.;<loc1021>
212,4,921,930,16,2,GOOD,,"The vehicle remains stopped, steadily maintaining its position.",stop,"The vehicle remains stopped, steadily maintaining its position.",stop,1,"<loc1022>The vehicle remains stopped, steadily maintaining its position.;<loc1021>"
213,4,931,940,16,3,GOOD,,"The vehicle remains stopped, steadily maintaining its position.",stop,"The vehicle remains stopped, steadily maintaining its position.",stop,1,"<loc1022>The vehicle remains stopped, steadily maintaining its position.;<loc1021>"
214,4,941,950,16,4,GOOD,,"The vehicle remains stopped, steadily maintaining its position.",stop,"The vehicle remains stopped, steadily maintaining its position.",stop,1,"<loc1022>The vehicle remains stopped, steadily maintaining its position.;<loc1021>"
215,4,951,960,16,5,GOOD,,"The vehicle remains stopped, steadily maintaining its position.",stop,"The vehicle remains stopped, steadily maintaining its position.",stop,1,"<loc1022>The vehicle remains stopped, steadily maintaining its position.;<loc1021>"
216,4,961,970,16,6,GOOD,,"The vehicle remains stopped, steadily holding its position while observing a pedestrian.",stop,"The vehicle remains stopped, steadily maintaining its position.",stop,1,"<loc1022>The vehicle remains stopped, steadily holding its position while observing a pedestrian.;<loc1021>"
217,4,971,980,16,7,GOOD,,"The vehicle remains stopped, steadily maintaining its position.",stop,"The vehicle remains stopped, steadily maintaining its position.",stop,1,"<loc1022>The vehicle remains stopped, steadily maintaining its position.;<loc1021>"
218,4,981,990,16,8,GOOD,,"The vehicle remains stopped, steadily maintaining its position.",stop,"The vehicle remains stopped, steadily maintaining its position.",stop,1,"<loc1022>The vehicle remains stopped, steadily maintaining its position.;<loc1021>"
219,4,991,1000,16,9,GOOD,,"The vehicle remains stopped, steadily maintaining its position.",stop,"The vehicle remains stopped, steadily maintaining its position.",stop,1,"<loc1022>The vehicle remains stopped, steadily maintaining its position.;<loc1021>"
220,4,1001,1010,16,10,GOOD,,"The vehicle remains stopped, steadily maintaining its position.",stop,"The vehicle remains stopped, steadily maintaining its position.",stop,1,"<loc1022>The vehicle remains stopped, steadily maintaining its position.;<loc1021>"
221,4,1011,1020,16,11,GOOD,,"The vehicle remains stopped, steadily maintaining its position.",stop,"The vehicle remains stopped, steadily maintaining its position.",stop,1,"<loc1022>The vehicle remains stopped, steadily maintaining its position.;<loc1021>"
222,4,1021,1030,16,12,GOOD,,"The vehicle remains stopped, steadily maintaining its position.",stop,"The vehicle remains stopped, steadily maintaining its position.",stop,1,"<loc1022>The vehicle remains stopped, steadily maintaining its position.;<loc1021>"
223,4,1031,1040,16,13,GOOD,,"The vehicle remains stopped, steadily maintaining its position.",stop,"The vehicle remains stopped, steadily maintaining its position.",stop,1,"<loc1022>The vehicle remains stopped, steadily maintaining its position.;<loc1021>"
224,4,1041,1050,16,14,GOOD,,"The vehicle remains stopped, steadily maintaining its position.",stop,"The vehicle remains stopped, steadily maintaining its position.",stop,1,"<loc1022>The vehicle remains stopped, steadily maintaining its position.;<loc1021>"
225,4,1051,1060,17,0,GOOD,,"The vehicle remains stopped, steadily maintaining its position.",stop,"The vehicle remains stopped, steadily maintaining its position.",stop,1,"<loc1022>The vehicle remains stopped, steadily maintaining its position.;<loc1021>"
226,4,1061,1070,17,1,BAD,precursor,"The vehicle remains stopped, steadily maintaining its position.",stop,"The vehicle remains stopped, steadily maintaining its position.",stop,1,"<loc1022>The vehicle remains stopped, steadily maintaining its position.;<loc1021>"
227,4,1071,1080,17,2,BAD,precursor,"The vehicle remains stopped, steadily maintaining its position.",stop,"The vehicle remains stopped, steadily maintaining its position.",stop,1,"<loc1022>The vehicle remains stopped, steadily maintaining its position.;<loc1021>"
228,4,1081,1090,17,3,BAD,direct,"The vehicle remains stopped, steadily maintaining its position.",stop,"The vehicle remains stopped, steadily maintaining its position.",stop,1,"<loc1022>The vehicle remains stopped, steadily maintaining its position.;<loc1021>"
229,4,1091,1100,17,4,BAD,direct,"The vehicle remains stopped, steadily maintaining its position.",stop,"The vehicle remains stopped, steadily maintaining its position.",stop,1,"<loc1022>The vehicle remains stopped, steadily maintaining its position.;<loc1021>"
230,4,1101,1110,17,5,BAD,direct,"The vehicle remains stopped, steadily maintaining its position.",stop,"The vehicle remains stopped, steadily maintaining its position.",stop,1,"<loc1022>The vehicle remains stopped, steadily maintaining its position.;<loc1021>"
231,4,1111,1120,17,6,BAD,direct,"The vehicle remains stopped, steadily maintaining its position.",stop,"The vehicle remains stopped, steadily maintaining its position.",stop,1,"<loc1022>The vehicle remains stopped, steadily maintaining its position.;<loc1021>"
232,4,1121,1130,17,7,BAD,direct,"The vehicle remains stopped, steadily maintaining its position.",stop,"The vehicle remains stopped, steadily maintaining its position.",stop,1,"<loc1022>The vehicle remains stopped, steadily maintaining its position.;<loc1021>"
233,4,1131,1140,17,8,BAD,direct,"The vehicle remains stopped, steadily maintaining its position.",stop,"The vehicle remains stopped, steadily maintaining its position.",stop,1,"<loc1022>The vehicle remains stopped, steadily maintaining its position.;<loc1021>"
234,4,1141,1150,17,9,BAD,direct,"The vehicle remains stopped, steadily maintaining its position.",stop,"The vehicle remains stopped, steadily maintaining its position.",stop,1,"<loc1022>The vehicle remains stopped, steadily maintaining its position.;<loc1021>"
235,4,1151,1160,17,10,BAD,direct,"The vehicle remains stopped, steadily maintaining its position.",stop,"The vehicle remains stopped, steadily maintaining its position.",stop,1,"<loc1022>The vehicle remains stopped, steadily maintaining its position.;<loc1021>"
236,4,1161,1170,17,11,BAD,direct,"The vehicle remains stopped, steadily maintaining its position.",stop,"The vehicle remains stopped, steadily maintaining its position.",stop,1,"<loc1022>The vehicle remains stopped, steadily maintaining its position.;<loc1021>"
237,4,1171,1180,17,12,BAD,direct,"The vehicle remains stationary, steadily maintaining its position.",stop,"The vehicle remains stopped, steadily maintaining its position.",stop,1,"<loc1022>The vehicle remains stationary, steadily maintaining its position.;<loc1021>"
238,4,1181,1190,17,13,BAD,direct,"The vehicle remains stopped, steadily maintaining its position.",stop,"The vehicle remains stopped, steadily maintaining its position.",stop,1,"<loc1022>The vehicle remains stopped, steadily maintaining its position.;<loc1021>"
239,4,1191,1200,17,14,BAD,direct,"The vehicle remains stopped, steadily holding its position.",stop,"The vehicle remains stopped, steadily maintaining its position.",stop,1,"<loc1022>The vehicle remains stopped, steadily holding its position.;<loc1021>"
240,4,1201,1210,18,0,GOOD,,"The vehicle remains stopped, steadily maintaining its position.",stop,"The vehicle remains stopped, steadily maintaining its position.",stop,1,"<loc1022>The vehicle remains stopped, steadily maintaining its position.;<loc1021>"
241,4,1211,1220,18,1,GOOD,,"The vehicle remains stopped, steadily maintaining its position.",stop,"The vehicle remains stopped, steadily maintaining its position.",stop,1,"<loc1022>The vehicle remains stopped, steadily maintaining its position.;<loc1021>"
242,4,1221,1230,18,2,BAD,precursor,"The vehicle remains stopped, steadily maintaining its position.",stop,"The vehicle remains stopped, steadily maintaining its position.",stop,1,"<loc1022>The vehicle remains stopped, steadily maintaining its position.;<loc1021>"
243,4,1231,1240,18,3,BAD,precursor,"The vehicle remains stopped, steadily maintaining its position.",stop,"The vehicle remains stopped, steadily maintaining its position.",stop,1,"<loc1022>The vehicle remains stopped, steadily maintaining its position.;<loc1021>"
244,4,1241,1250,18,4,BAD,direct,The vehicle accelerates normally while maintaining a steady lane.,accelerate,"The vehicle remains stopped, steadily maintaining its position.",stop,1,<loc1022>The vehicle accelerates normally while maintaining a steady lane.;<loc1021>
245,4,1251,1260,18,5,,,"The vehicle remains stopped, steadily maintaining its position.",stop,,,0,"<loc1022>The vehicle remains stopped, steadily maintaining its position.;<loc1021>"
246,4,1261,1270,18,6,,,"The vehicle remains stopped, steadily maintaining its position.",stop,,,0,"<loc1022>The vehicle remains stopped, steadily maintaining its position.;<loc1021>"
247,4,1271,1280,18,7,,,"The vehicle remains stopped, steadily maintaining its position.",stop,,,0,"<loc1022>The vehicle remains stopped, steadily maintaining its position.;<loc1021>"
248,4,1281,1290,18,8,,,"The vehicle remains stopped, steadily maintaining its position.",stop,,,0,"<loc1022>The vehicle remains stopped, steadily maintaining its position.;<loc1021>"
249,4,1291,1300,18,9,GOOD,,"The vehicle remains stopped, steadily maintaining its position.",stop,"The vehicle remains stopped, steadily maintaining its position.",stop,1,"<loc1022>The vehicle remains stopped, steadily maintaining its position.;<loc1021>"
250,4,1301,1310,18,10,,,"The vehicle remains stopped, steadily maintaining its position.",stop,,,0,"<loc1022>The vehicle remains stopped, steadily maintaining its position.;<loc1021>"
251,4,1311,1320,18,11,,,"The vehicle remains stopped, steadily maintaining its position.",stop,,,0,"<loc1022>The vehicle remains stopped, steadily maintaining its position.;<loc1021>"
252,4,1321,1330,18,12,,,"The vehicle remains stopped, steadily maintaining its position.",stop,,,0,"<loc1022>The vehicle remains stopped, steadily maintaining its position.;<loc1021>"
253,4,1331,1340,18,13,,,"The vehicle remains stopped, steadily maintaining its position.",stop,,,0,"<loc1022>The vehicle remains stopped, steadily maintaining its position.;<loc1021>"
254,4,1341,1350,18,14,,,"The vehicle remains stopped, steadily maintaining its position.",stop,,,0,"<loc1022>The vehicle remains stopped, steadily maintaining its position.;<loc1021>"
255,4,1351,1360,19,0,GOOD,,"The vehicle remains stopped, steadily maintaining its position.",stop,"The vehicle remains stopped, steadily maintaining its position.",stop,1,"<loc1022>The vehicle remains stopped, steadily maintaining its position.;<loc1021>"
256,4,1361,1370,19,1,GOOD,,"The vehicle remains stopped, steadily maintaining its position.",stop,"The vehicle remains stopped, steadily maintaining its position.",stop,1,"<loc1022>The vehicle remains stopped, steadily maintaining its position.;<loc1021>"
257,4,1371,1380,19,2,GOOD,,"The vehicle remains stopped, steadily maintaining its position.",stop,"The vehicle remains stopped, steadily maintaining its position.",stop,1,"<loc1022>The vehicle remains stopped, steadily maintaining its position.;<loc1021>"
258,4,1381,1390,19,3,GOOD,,"The vehicle remains stopped, steadily maintaining its position.",stop,"The vehicle remains stopped, steadily maintaining its position.",stop,1,"<loc1022>The vehicle remains stopped, steadily maintaining its position.;<loc1021>"
259,4,1391,1400,19,4,GOOD,,"The vehicle remains stopped, steadily maintaining its position.",stop,"The vehicle remains stopped, steadily maintaining its position.",stop,1,"<loc1022>The vehicle remains stopped, steadily maintaining its position.;<loc1021>"
260,4,1401,1410,19,5,GOOD,,"The vehicle remains stopped, steadily maintaining its position.",stop,"The vehicle remains stopped, steadily maintaining its position.",stop,1,"<loc1022>The vehicle remains stopped, steadily maintaining its position.;<loc1021>"
261,4,1411,1420,19,6,GOOD,,"The vehicle remains stopped, steadily maintaining its position.",stop,"The vehicle remains stopped, steadily maintaining its position.",stop,1,"<loc1022>The vehicle remains stopped, steadily maintaining its position.;<loc1021>"
262,4,1421,1430,19,7,GOOD,,"The vehicle remains stopped, steadily maintaining its position.",stop,"The vehicle remains stopped, steadily maintaining its position.",stop,1,"<loc1022>The vehicle remains stopped, steadily maintaining its position.;<loc1021>"
263,4,1431,1440,19,8,BAD,precursor,"The vehicle remains stopped, steadily maintaining its position.",stop,"The vehicle normally follows the route, accelerating to a steady speed.",follow,1,"<loc1022>The vehicle remains stopped, steadily maintaining its position.;<loc1021>"
264,4,1441,1450,19,9,BAD,precursor,"The vehicle remains stopped, steadily maintaining its position.",stop,"The vehicle normally follows the route, accelerating to a steady speed.",follow,1,"<loc1022>The vehicle remains stopped, steadily maintaining its position.;<loc1021>"
265,4,1451,1460,19,10,BAD,direct,"The vehicle remains stopped, steadily maintaining its position.",stop,"The vehicle normally follows the route, accelerating to a steady speed.",follow,1,"<loc1022>The vehicle remains stopped, steadily maintaining its position.;<loc1021>"
266,4,1461,1470,19,11,BAD,direct,"The vehicle remains stopped, steadily maintaining its position.",stop,"The vehicle normally follows the route, accelerating to a steady speed.",follow,1,"<loc1022>The vehicle remains stopped, steadily maintaining its position.;<loc1021>"
267,4,1471,1480,19,12,BAD,direct,"The vehicle remains stopped, steadily maintaining its position.",stop,"The vehicle normally follows the route, accelerating to a steady speed.",follow,1,"<loc1022>The vehicle remains stopped, steadily maintaining its position.;<loc1021>"
268,4,1481,1490,19,13,BAD,direct,"The vehicle remains stopped, steadily maintaining its position behind the front black car.",stop,"The vehicle normally follows the route, accelerating to a steady speed.",follow,1,"<loc1022>The vehicle remains stopped, steadily maintaining its position behind the front black car.;<loc1021>"
269,4,1491,1500,19,14,BAD,direct,"The vehicle remains stopped, steadily maintaining its position.",stop,"The vehicle normally follows the route, accelerating to a steady speed.",follow,1,"<loc1022>The vehicle remains stopped, steadily maintaining its position.;<loc1021>"
270,4,1501,1510,20,0,BAD,precursor,"The vehicle remains stopped, steadily maintaining its position.",stop,"The vehicle accelerates normally to follow the route, maintaining a steady straight course.",accelerate,1,"<loc1022>The vehicle remains stopped, steadily maintaining its position.;<loc1021>"
271,4,1511,1520,20,1,BAD,direct,"The vehicle remains stopped, steadily maintaining its position.",stop,"The vehicle follows the route, accelerating normally to maintain forward progress.",follow,1,"<loc1022>The vehicle remains stopped, steadily maintaining its position.;<loc1021>"
272,4,1521,1530,20,2,BAD,direct,"The vehicle remains stopped, steadily maintaining its position.",stop,"The vehicle accelerates normally to follow the route, maintaining a steady straight course.",accelerate,1,"<loc1022>The vehicle remains stopped, steadily maintaining its position.;<loc1021>"
273,4,1531,1540,20,3,BAD,precursor,"The vehicle remains stopped, steadily maintaining its position.",stop,"The vehicle follows the route and accelerates normally, maintaining steady lane keeping.",follow,1,"<loc1022>The vehicle remains stopped, steadily maintaining its position.;<loc1021>"
274,4,1541,1550,20,4,BAD,precursor,"The vehicle remains stopped, steadily maintaining its position.",stop,"The vehicle accelerates normally and follows the route, maintaining a straight course.",accelerate,1,"<loc1022>The vehicle remains stopped, steadily maintaining its position.;<loc1021>"
275,4,1551,1560,20,5,BAD,direct,"The vehicle remains stopped, steadily maintaining its position.",stop,"The vehicle normally follows the route, accelerating and maintaining its speed.",follow,1,"<loc1022>The vehicle remains stopped, steadily maintaining its position.;<loc1021>"
276,4,1561,1570,20,6,BAD,direct,The vehicle steadily keeps its lane while accelerating normally.,maintain,"The vehicle normally follows the route, accelerating and maintaining its speed.",follow,1,<loc1022>The vehicle steadily keeps its lane while accelerating normally.;<loc1021>
277,4,1571,1580,20,7,BAD,precursor,"The vehicle remains stopped, steadily maintaining its position.",stop,"The vehicle accelerates normally to follow the route, maintaining a steady straight course.",accelerate,1,"<loc1022>The vehicle remains stopped, steadily maintaining its position.;<loc1021>"
278,4,1581,1590,20,8,BAD,precursor,"The vehicle remains stopped, steadily maintaining its position.",stop,"The vehicle follows the route, accelerating normally to maintain forward progress.",follow,1,"<loc1022>The vehicle remains stopped, steadily maintaining its position.;<loc1021>"
279,4,1591,1600,20,9,BAD,precursor,"The vehicle remains stopped, steadily maintaining its position.",stop,"The vehicle follows the route and accelerates normally, maintaining steady lane keeping.",follow,1,"<loc1022>The vehicle remains stopped, steadily maintaining its position.;<loc1021>"
280,4,1601,1610,20,10,BAD,precursor,"The vehicle remains stopped, steadily maintaining its position.",stop,"The vehicle accelerates normally to follow the route, maintaining a steady straight course.",accelerate,1,"<loc1022>The vehicle remains stopped, steadily maintaining its position.;<loc1021>"
281,4,1611,1620,20,11,BAD,direct,"The vehicle remains stopped, steadily maintaining its position.",stop,"The vehicle accelerates normally to follow the route, maintaining a steady straight course.",accelerate,1,"<loc1022>The vehicle remains stopped, steadily maintaining its position.;<loc1021>"
282,4,1621,1630,20,12,BAD,direct,"The vehicle follows the route, accelerating normally to reach the speed limit with steady lane keeping.",follow,"The vehicle follows the route, accelerating normally to maintain forward progress.",follow,1,"<loc1022>The vehicle follows the route, accelerating normally to reach the speed limit with steady lane keeping.;<loc1021>"
283,4,1631,1640,20,13,BAD,direct,The vehicle steadily accelerates to drive with the target speed while maintaining a straight course.,accelerate,"The vehicle follows the route and accelerates normally, maintaining steady lane keeping.",follow,1,<loc1022>The vehicle steadily accelerates to drive with the target speed while maintaining a straight course.;<loc1021>
284,4,1641,1650,20,14,BAD,direct,"The vehicle remains stopped, steadily maintaining its position.",stop,"The vehicle accelerates normally to follow the route, maintaining a steady straight course.",accelerate,1,"<loc1022>The vehicle remains stopped, steadily maintaining its position.;<loc1021>"
285,4,1651,1660,21,0,BAD,direct,"The vehicle remains stopped, steadily maintaining its position.",stop,"The vehicle accelerates steadily to follow the route, maintaining a straight course.",accelerate,1,"<loc1022>The vehicle remains stopped, steadily maintaining its position.;<loc1021>"
286,4,1661,1670,21,1,BAD,direct,"The vehicle remains stopped, steadily maintaining its position.",stop,"The vehicle accelerates steadily to follow the route, maintaining a straight course.",accelerate,1,"<loc1022>The vehicle remains stopped, steadily maintaining its position.;<loc1021>"
287,4,1671,1680,21,2,BAD,direct,"The vehicle remains stopped, steadily maintaining its position.",stop,"The vehicle accelerates steadily to follow the route, maintaining a straight course.",accelerate,1,"<loc1022>The vehicle remains stopped, steadily maintaining its position.;<loc1021>"
288,4,1681,1690,21,3,BAD,direct,"The vehicle remains stopped, steadily maintaining its position.",stop,"The vehicle accelerates steadily to follow the route, maintaining a straight course.",accelerate,1,"<loc1022>The vehicle remains stopped, steadily maintaining its position.;<loc1021>"
289,4,1691,1700,21,4,BAD,direct,"The vehicle remains stopped, steadily maintaining its position.",stop,"The vehicle accelerates steadily to follow the route, maintaining a straight course.",accelerate,1,"<loc1022>The vehicle remains stopped, steadily maintaining its position.;<loc1021>"
290,4,1701,1710,21,5,BAD,direct,"The vehicle remains stopped, steadily maintaining its position.",stop,"The vehicle accelerates steadily to follow the route, maintaining a straight course.",accelerate,1,"<loc1022>The vehicle remains stopped, steadily maintaining its position.;<loc1021>"
291,4,1711,1720,21,6,GOOD,,"The vehicle remains stopped, steadily maintaining its position.",stop,"The vehicle accelerates normally to follow the route, maintaining a straight course.",accelerate,1,"<loc1022>The vehicle remains stopped, steadily maintaining its position.;<loc1021>"
292,4,1721,1730,21,7,GOOD,,"The vehicle remains stopped, steadily maintaining its position.",stop,"The vehicle accelerates normally to follow the route, maintaining a straight course.",accelerate,1,"<loc1022>The vehicle remains stopped, steadily maintaining its position.;<loc1021>"
293,4,1731,1740,21,8,BAD,precursor,"The vehicle remains stopped, steadily maintaining its position.",stop,"The vehicle normally follows the route, maintaining its speed along the clear road.",follow,1,"<loc1022>The vehicle remains stopped, steadily maintaining its position.;<loc1021>"
294,4,1741,1750,21,9,BAD,precursor,"The vehicle steadily follows the route, maintaining a consistent speed with no course adjustments.",follow,"The vehicle normally follows the route, maintaining its speed along the clear road.",follow,1,"<loc1022>The vehicle steadily follows the route, maintaining a consistent speed with no course adjustments.;<loc1021>"
295,4,1751,1760,21,10,BAD,direct,"The vehicle remains stopped, steadily maintaining its position.",stop,"The vehicle normally follows the route, maintaining its speed along the clear road.",follow,1,"<loc1022>The vehicle remains stopped, steadily maintaining its position.;<loc1021>"
296,4,1761,1770,21,11,BAD,direct,"The vehicle remains stopped, steadily maintaining its position.",stop,"The vehicle normally follows the route, maintaining its speed along the clear road.",follow,1,"<loc1022>The vehicle remains stopped, steadily maintaining its position.;<loc1021>"
297,4,1771,1780,21,12,BAD,direct,"The vehicle remains stopped, steadily maintaining its position.",stop,"The vehicle normally follows the route, maintaining its speed along the clear road.",follow,1,"<loc1022>The vehicle remains stopped, steadily maintaining its position.;<loc1021>"
298,4,1781,1790,21,13,BAD,direct,"The vehicle remains stopped, steadily maintaining its position.",stop,"The vehicle normally follows the route, maintaining its speed along the clear road.",follow,1,"<loc1022>The vehicle remains stopped, steadily maintaining its position.;<loc1021>"
299,4,1791,1800,21,14,BAD,direct,"The vehicle remains stopped, steadily maintaining its position.",stop,"The vehicle normally follows the route, maintaining its speed along the clear road.",follow,1,"<loc1022>The vehicle remains stopped, steadily maintaining its position.;<loc1021>"
300,4,1801,1810,22,0,GOOD,,"The vehicle remains stopped, steadily maintaining its position.",stop,"The vehicle remains stopped, steadily maintaining its position.",stop,1,"<loc1022>The vehicle remains stopped, steadily maintaining its position.;<loc1021>"
301,4,1811,1820,22,1,GOOD,,"The vehicle remains stopped, steadily maintaining its position.",stop,"The vehicle remains stopped, steadily maintaining its position.",stop,1,"<loc1022>The vehicle remains stopped, steadily maintaining its position.;<loc1021>"
302,4,1821,1830,22,2,GOOD,,"The vehicle remains stopped, steadily maintaining its position.",stop,"The vehicle remains stopped, steadily maintaining its position.",stop,1,"<loc1022>The vehicle remains stopped, steadily maintaining its position.;<loc1021>"
303,4,1831,1840,22,3,GOOD,,"The vehicle remains stopped, steadily maintaining its position.",stop,"The vehicle remains stopped, steadily maintaining its position.",stop,1,"<loc1022>The vehicle remains stopped, steadily maintaining its position.;<loc1021>"
304,4,1841,1850,22,4,GOOD,,"The vehicle remains stopped, steadily maintaining its position.",stop,"The vehicle remains stopped, steadily maintaining its position.",stop,1,"<loc1022>The vehicle remains stopped, steadily maintaining its position.;<loc1021>"
305,4,1851,1860,22,5,GOOD,,"The vehicle remains stopped, steadily maintaining its position.",stop,"The vehicle remains stopped, steadily maintaining its position.",stop,1,"<loc1022>The vehicle remains stopped, steadily maintaining its position.;<loc1021>"
306,4,1861,1870,22,6,GOOD,,"The vehicle remains stopped, steadily maintaining its position.",stop,"The vehicle remains stopped, steadily maintaining its position.",stop,1,"<loc1022>The vehicle remains stopped, steadily maintaining its position.;<loc1021>"
307,4,1871,1880,22,7,GOOD,,"The vehicle remains stopped, steadily maintaining its position.",stop,"The vehicle remains stopped, steadily maintaining its position.",stop,1,"<loc1022>The vehicle remains stopped, steadily maintaining its position.;<loc1021>"
308,4,1881,1890,22,8,GOOD,,"The vehicle remains stopped, steadily maintaining its position.",stop,"The vehicle remains stopped, steadily maintaining its position.",stop,1,"<loc1022>The vehicle remains stopped, steadily maintaining its position.;<loc1021>"
309,4,1891,1900,22,9,GOOD,,"The vehicle remains stopped, steadily maintaining its position.",stop,"The vehicle remains stopped, steadily maintaining its position.",stop,1,"<loc1022>The vehicle remains stopped, steadily maintaining its position.;<loc1021>"
310,4,1901,1910,22,10,GOOD,,"The vehicle remains stopped, steadily maintaining its position.",stop,"The vehicle remains stopped, steadily maintaining its position.",stop,1,"<loc1022>The vehicle remains stopped, steadily maintaining its position.;<loc1021>"
311,4,1911,1920,22,11,GOOD,,"The vehicle remains stopped, steadily maintaining its position.",stop,"The vehicle remains stopped, steadily maintaining its position.",stop,1,"<loc1022>The vehicle remains stopped, steadily maintaining its position.;<loc1021>"
312,4,1921,1930,22,12,GOOD,,The vehicle steadily maintains its course while accelerating normally.,maintain,"The vehicle remains stopped, steadily maintaining its position.",stop,1,<loc1022>The vehicle steadily maintains its course while accelerating normally.;<loc1021>
313,4,1931,1940,22,13,GOOD,,The vehicle steadily accelerates forward while maintaining a straight course.,accelerate,"The vehicle remains stopped, steadily maintaining its position.",stop,1,<loc1022>The vehicle steadily accelerates forward while maintaining a straight course.;<loc1021>
314,4,1941,1950,22,14,GOOD,,"The vehicle remains stopped, steadily maintaining its position.",stop,"The vehicle remains stopped, steadily maintaining its position.",stop,1,"<loc1022>The vehicle remains stopped, steadily maintaining its position.;<loc1021>"
315,4,1951,1960,23,0,BAD,direct,"The vehicle follows the route, steadily accelerating to drive with the target speed.",follow,"The vehicle accelerates normally, maintaining its lane to follow the route.",accelerate,1,"<loc1022>The vehicle follows the route, steadily accelerating to drive with the target speed.;<loc1021>"
316,4,1961,1970,23,1,BAD,direct,"The vehicle steadily accelerates straight ahead, following the route.",accelerate,"The vehicle accelerates normally, maintaining its lane to follow the route.",accelerate,1,"<loc1022>The vehicle steadily accelerates straight ahead, following the route.;<loc1021>"
317,4,1971,1980,23,2,BAD,precursor,The vehicle steadily accelerates to target speed while maintaining a straight course.,accelerate,The vehicle accelerates smoothly and maintains its lane to follow the route.,accelerate,1,<loc1022>The vehicle steadily accelerates to target speed while maintaining a straight course.;<loc1021>
318,4,1981,1990,23,3,BAD,direct,"The vehicle remains stopped, steadily maintaining its position.",stop,The vehicle accelerates smoothly and maintains its lane to follow the route.,accelerate,1,"<loc1022>The vehicle remains stopped, steadily maintaining its position.;<loc1021>"
319,4,1991,2000,23,4,BAD,direct,"The vehicle accelerates normally from a standstill, maintaining a steady course.",accelerate,The vehicle accelerates smoothly and maintains its lane to follow the route.,accelerate,1,"<loc1022>The vehicle accelerates normally from a standstill, maintaining a steady course.;<loc1021>"
320,4,2001,2010,23,5,BAD,precursor,"The vehicle remains stopped, steadily maintaining its position.",stop,"The vehicle continues to accelerate smoothly, maintaining a steady course.",accelerate,1,"<loc1022>The vehicle remains stopped, steadily maintaining its position.;<loc1021>"
321,4,2011,2020,23,6,BAD,direct,"The vehicle follows the route, accelerating to the speed limit with steady lane keeping.",follow,"The vehicle continues to accelerate smoothly, maintaining a steady course.",accelerate,1,"<loc1022>The vehicle follows the route, accelerating to the speed limit with steady lane keeping.;<loc1021>"
322,4,2021,2030,23,7,BAD,direct,"The vehicle remains stopped, steadily maintaining its position.",stop,"The vehicle continues to accelerate smoothly, maintaining a steady course.",accelerate,1,"<loc1022>The vehicle remains stopped, steadily maintaining its position.;<loc1021>"
323,4,2031,2040,23,8,BAD,precursor,"The vehicle remains stopped, steadily maintaining its position.",stop,The vehicle accelerates smoothly and maintains its lane to follow the route.,accelerate,1,"<loc1022>The vehicle remains stopped, steadily maintaining its position.;<loc1021>"
324,4,2041,2050,23,9,BAD,precursor,"The vehicle remains stopped, paying attention to the walker and braking if necessary.",stop,The vehicle accelerates smoothly and maintains its lane to follow the route.,accelerate,1,"<loc1022>The vehicle remains stopped, paying attention to the walker and braking if necessary.;<loc1021>"
325,4,2051,2060,23,10,BAD,direct,"The vehicle follows the route, accelerating normally to reach the speed limit with a slight course adjustment.",follow,The vehicle accelerates smoothly and maintains its lane to follow the route.,accelerate,1,"<loc1022>The vehicle follows the route, accelerating normally to reach the speed limit with a slight course adjustment.;<loc1021>"
326,4,2061,2070,23,11,BAD,direct,"The vehicle remains stopped, steadily maintaining its position.",stop,The vehicle accelerates smoothly and maintains its lane to follow the route.,accelerate,1,"<loc1022>The vehicle remains stopped, steadily maintaining its position.;<loc1021>"
327,4,2071,2080,23,12,BAD,precursor,"The vehicle follows the route, maintaining a steady speed and safe following style while watching for pedestrians.",follow,"The vehicle continues to accelerate smoothly, maintaining a steady course.",accelerate,1,"<loc1022>The vehicle follows the route, maintaining a steady speed and safe following style while watching for pedestrians.;<loc1021>"
328,4,2081,2090,23,13,BAD,direct,"The vehicle follows the route, steadily maintaining a straight course while accelerating normally.",follow,"The vehicle continues to accelerate smoothly, maintaining a steady course.",accelerate,1,"<loc1022>The vehicle follows the route, steadily maintaining a straight course while accelerating normally.;<loc1021>"
329,4,2091,2100,23,14,BAD,precursor,"The vehicle remains stopped, steadily maintaining its position.",stop,"The vehicle continues to accelerate smoothly, maintaining a steady course.",accelerate,1,"<loc1022>The vehicle remains stopped, steadily maintaining its position.;<loc1021>"
330,4,2101,2110,24,0,,,"The vehicle follows the route, accelerating normally to keep pace with the front car and monitoring a walker.",follow,,,0,"<loc1022>The vehicle follows the route, accelerating normally to keep pace with the front car and monitoring a walker.;<loc1021>"
331,4,2111,2120,24,1,GOOD,,"The vehicle follows the route, steadily accelerating while maintaining a straight course.",follow,"The vehicle accelerates steadily to follow the route, maintaining a straight course.",accelerate,1,"<loc1022>The vehicle follows the route, steadily accelerating while maintaining a straight course.;<loc1021>"
332,4,2121,2130,24,2,BAD,direct,The vehicle steadily accelerates and maintains a straight course.,accelerate,"The vehicle accelerates steadily to follow the route, maintaining a straight course.",accelerate,1,<loc1022>The vehicle steadily accelerates and maintains a straight course.;<loc1021>
333,4,2131,2140,24,3,BAD,precursor,The vehicle steadily decelerates while maintaining a straight course.,decelerate,"The vehicle accelerates steadily to follow the route, maintaining a straight course.",accelerate,1,<loc1022>The vehicle steadily decelerates while maintaining a straight course.;<loc1021>
334,4,2141,2150,24,4,BAD,precursor,"The vehicle normally follows the route, accelerating to a steady speed.",follow,"The vehicle accelerates steadily to follow the route, maintaining a straight course.",accelerate,1,"<loc1022>The vehicle normally follows the route, accelerating to a steady speed.;<loc1021>"
335,4,2151,2160,24,5,BAD,precursor,"The vehicle follows the route, accelerating normally to reach the speed limit.",follow,"The vehicle accelerates steadily to follow the route, maintaining a straight course.",accelerate,1,"<loc1022>The vehicle follows the route, accelerating normally to reach the speed limit.;<loc1021>"
336,4,2161,2170,24,6,BAD,direct,"The vehicle remains stopped, steadily maintaining its position.",stop,"The vehicle accelerates steadily to follow the route, maintaining a straight course.",accelerate,1,"<loc1022>The vehicle remains stopped, steadily maintaining its position.;<loc1021>"
337,4,2171,2180,24,7,BAD,direct,"The vehicle accelerates normally and makes a slight adjustment to the left, then to the right.",accelerate,"The vehicle accelerates steadily to follow the route, maintaining a straight course.",accelerate,1,"<loc1022>The vehicle accelerates normally and makes a slight adjustment to the left, then to the right.;<loc1021>"
338,4,2181,2190,24,8,BAD,direct,The vehicle accelerates normally from a standstill while maintaining a steady straight course.,accelerate,"The vehicle accelerates steadily to follow the route, maintaining a straight course.",accelerate,1,<loc1022>The vehicle accelerates normally from a standstill while maintaining a steady straight course.;<loc1021>
339,4,2191,2200,24,9,BAD,direct,The vehicle steadily maintains its course while accelerating to follow the route.,maintain,"The vehicle accelerates steadily to follow the route, maintaining a straight course.",accelerate,1,<loc1022>The vehicle steadily maintains its course while accelerating to follow the route.;<loc1021>
340,4,2201,2210,24,10,BAD,direct,"The vehicle remains stopped, steadily maintaining its position.",stop,"The vehicle accelerates steadily to follow the route, maintaining a straight course.",accelerate,1,"<loc1022>The vehicle remains stopped, steadily maintaining its position.;<loc1021>"
341,4,2211,2220,24,11,BAD,direct,"The vehicle remains stopped, steadily maintaining its position.",stop,"The vehicle accelerates steadily to follow the route, maintaining a straight course.",accelerate,1,"<loc1022>The vehicle remains stopped, steadily maintaining its position.;<loc1021>"
342,4,2221,2230,24,12,BAD,direct,"The vehicle remains stopped, steadily maintaining its position.",stop,"The vehicle accelerates steadily to follow the route, maintaining a straight course.",accelerate,1,"<loc1022>The vehicle remains stopped, steadily maintaining its position.;<loc1021>"
343,4,2231,2240,24,13,BAD,direct,"The vehicle remains stopped, steadily maintaining its position.",stop,"The vehicle accelerates steadily to follow the route, maintaining a straight course.",accelerate,1,"<loc1022>The vehicle remains stopped, steadily maintaining its position.;<loc1021>"
344,4,2241,2250,24,14,BAD,direct,"The vehicle remains stopped, steadily maintaining its position.",stop,"The vehicle accelerates steadily to follow the route, maintaining a straight course.",accelerate,1,"<loc1022>The vehicle remains stopped, steadily maintaining its position.;<loc1021>"
345,4,2251,2260,25,0,BAD,direct,"The vehicle steadily keeps its lane, accelerating normally to reach the target speed.",maintain,"The vehicle accelerates steadily to follow the route, maintaining a straight course.",accelerate,1,"<loc1022>The vehicle steadily keeps its lane, accelerating normally to reach the target speed.;<loc1021>"
346,4,2261,2270,25,1,BAD,direct,"The vehicle remains stopped, steadily maintaining its position.",stop,"The vehicle accelerates steadily to follow the route, maintaining a straight course.",accelerate,1,"<loc1022>The vehicle remains stopped, steadily maintaining its position.;<loc1021>"
347,4,2271,2280,25,2,BAD,direct,"The vehicle remains stopped, steadily maintaining its position.",stop,"The vehicle normally follows the route, maintaining its speed with a steady course.",follow,1,"<loc1022>The vehicle remains stopped, steadily maintaining its position.;<loc1021>"
348,4,2281,2290,25,3,BAD,direct,"The vehicle follows the route, accelerating normally to reach the speed limit with steady lane keeping.",follow,"The vehicle normally follows the route, maintaining its speed with a steady course.",follow,1,"<loc1022>The vehicle follows the route, accelerating normally to reach the speed limit with steady lane keeping.;<loc1021>"
349,4,2291,2300,25,4,BAD,direct,"The vehicle remains stopped, steadily maintaining its position.",stop,"The vehicle normally follows the route, maintaining its speed with a steady course.",follow,1,"<loc1022>The vehicle remains stopped, steadily maintaining its position.;<loc1021>"
350,4,2301,2310,25,5,BAD,direct,"The vehicle remains stopped, steadily maintaining its position.",stop,"The vehicle normally follows the route, maintaining its speed with a steady course.",follow,1,"<loc1022>The vehicle remains stopped, steadily maintaining its position.;<loc1021>"
351,4,2311,2320,25,6,BAD,direct,"The vehicle remains stopped, steadily maintaining its position.",stop,"The vehicle normally follows the route, maintaining its speed with a steady course.",follow,1,"<loc1022>The vehicle remains stopped, steadily maintaining its position.;<loc1021>"
352,4,2321,2330,25,7,BAD,direct,"The vehicle remains stopped, steadily maintaining its position.",stop,"The vehicle normally follows the route, maintaining its speed with a steady course.",follow,1,"<loc1022>The vehicle remains stopped, steadily maintaining its position.;<loc1021>"
353,4,2331,2340,25,8,BAD,direct,The vehicle accelerates normally to follow the route and maintain target speed.,accelerate,The vehicle maintains a steady speed while following the route on a straight course.,maintain,1,<loc1022>The vehicle accelerates normally to follow the route and maintain target speed.;<loc1021>
354,4,2341,2350,25,9,BAD,direct,"The vehicle follows the route, accelerating normally to the speed limit and maintaining a steady course.",follow,"The vehicle accelerates steadily to follow the route, maintaining a straight course.",accelerate,1,"<loc1022>The vehicle follows the route, accelerating normally to the speed limit and maintaining a steady course.;<loc1021>"
355,4,2351,2360,25,10,BAD,direct,"The vehicle accelerates steadily forward, maintaining a straight course.",accelerate,"The vehicle smoothly follows the route, maintaining its speed with a steady course.",follow,1,"<loc1022>The vehicle accelerates steadily forward, maintaining a straight course.;<loc1021>"
356,4,2361,2370,25,11,BAD,direct,The vehicle steadily decelerates to a stop while maintaining a straight course.,decelerate,"The vehicle smoothly follows the route, maintaining its speed with a steady course.",follow,1,<loc1022>The vehicle steadily decelerates to a stop while maintaining a straight course.;<loc1021>
357,4,2371,2380,25,12,BAD,direct,The vehicle accelerates normally to the speed limit while maintaining a steady straight course.,accelerate,"The vehicle smoothly follows the route, maintaining its speed with a steady course.",follow,1,<loc1022>The vehicle accelerates normally to the speed limit while maintaining a steady straight course.;<loc1021>
358,4,2381,2390,25,13,BAD,direct,"The vehicle follows the route, accelerating normally to reach the speed limit.",follow,"The vehicle smoothly follows the route, maintaining its speed with a steady course.",follow,1,"<loc1022>The vehicle follows the route, accelerating normally to reach the speed limit.;<loc1021>"
359,4,2391,2400,25,14,BAD,direct,The vehicle steadily decelerates to a stop while maintaining a straight course.,decelerate,"The vehicle smoothly follows the route, maintaining its speed with a steady course.",follow,1,<loc1022>The vehicle steadily decelerates to a stop while maintaining a straight course.;<loc1021>
360,4,2401,2410,26,0,BAD,direct,"The vehicle follows the route, accelerating normally to the speed limit and maintaining a steady course.",follow,"The vehicle normally follows the route, maintaining a steady speed with smooth control inputs.",follow,1,"<loc1022>The vehicle follows the route, accelerating normally to the speed limit and maintaining a steady course.;<loc1021>"
361,4,2411,2420,26,1,BAD,precursor,The vehicle steadily decelerates to a stop while maintaining a straight course.,decelerate,"The vehicle normally follows the route, maintaining a steady speed with smooth control inputs.",follow,1,<loc1022>The vehicle steadily decelerates to a stop while maintaining a straight course.;<loc1021>
362,4,2421,2430,26,2,BAD,precursor,"The vehicle normally follows the route, maintaining a steady, reduced speed with slight adjustments.",follow,"The vehicle normally follows the route, maintaining a steady speed with smooth control inputs.",follow,1,"<loc1022>The vehicle normally follows the route, maintaining a steady, reduced speed with slight adjustments.;<loc1021>"
363,4,2431,2440,26,3,BAD,precursor,"The vehicle remains stopped, steadily maintaining its position.",stop,"The vehicle normally follows the route, maintaining a steady speed with smooth control inputs.",follow,1,"<loc1022>The vehicle remains stopped, steadily maintaining its position.;<loc1021>"
364,4,2441,2450,26,4,BAD,direct,"The vehicle steadily accelerates straight ahead, following the route as intended.",accelerate,"The vehicle normally follows the route, maintaining a steady speed with smooth control inputs.",follow,1,"<loc1022>The vehicle steadily accelerates straight ahead, following the route as intended.;<loc1021>"
365,4,2451,2460,26,5,BAD,precursor,"The vehicle accelerates normally to follow the route, maintaining a steady straight course.",accelerate,"The vehicle normally follows the route, maintaining a steady speed with smooth control inputs.",follow,1,"<loc1022>The vehicle accelerates normally to follow the route, maintaining a steady straight course.;<loc1021>"
366,4,2461,2470,26,6,BAD,precursor,"The vehicle follows the route, maintaining a steady speed with slight adjustments.",follow,"The vehicle normally follows the route, maintaining a steady speed with smooth control inputs.",follow,1,"<loc1022>The vehicle follows the route, maintaining a steady speed with slight adjustments.;<loc1021>"
367,4,2471,2480,26,7,BAD,precursor,"The vehicle remains stopped, steadily maintaining its position.",stop,"The vehicle normally follows the route, maintaining a steady speed with smooth control inputs.",follow,1,"<loc1022>The vehicle remains stopped, steadily maintaining its position.;<loc1021>"
368,4,2481,2490,26,8,BAD,direct,"The vehicle accelerates steadily to follow the route, maintaining a straight course.",accelerate,"The vehicle normally follows the route, maintaining a steady speed with smooth control inputs.",follow,1,"<loc1022>The vehicle accelerates steadily to follow the route, maintaining a straight course.;<loc1021>"
369,4,2491,2500,26,9,BAD,precursor,"The vehicle remains stopped, steadily maintaining its position.",stop,"The vehicle smoothly follows the route, gradually reducing speed with steady lane keeping.",follow,1,"<loc1022>The vehicle remains stopped, steadily maintaining its position.;<loc1021>"
370,4,2501,2510,26,10,BAD,precursor,"The vehicle steadily accelerates to follow the route, maintaining a straight course.",accelerate,"The vehicle smoothly follows the route, gradually reducing speed with steady lane keeping.",follow,1,"<loc1022>The vehicle steadily accelerates to follow the route, maintaining a straight course.;<loc1021>"
371,4,2511,2520,26,11,BAD,precursor,The vehicle accelerates normally to follow the route and maintain target speed.,accelerate,"The vehicle smoothly follows the route, gradually reducing speed with steady lane keeping.",follow,1,<loc1022>The vehicle accelerates normally to follow the route and maintain target speed.;<loc1021>
372,4,2521,2530,26,12,BAD,direct,"The vehicle follows the route, accelerating normally to reach the speed limit.",follow,The vehicle steadily decelerates to a stop while maintaining a straight course.,decelerate,1,"<loc1022>The vehicle follows the route, accelerating normally to reach the speed limit.;<loc1021>"
373,4,2531,2540,26,13,BAD,precursor,The vehicle steadily decelerates to a stop while maintaining a straight course.,decelerate,The vehicle steadily decelerates to a stop while maintaining a straight course.,decelerate,1,<loc1022>The vehicle steadily decelerates to a stop while maintaining a straight course.;<loc1021>
374,4,2541,2550,26,14,BAD,precursor,The vehicle accelerates to speed limit and then decelerates normally.,accelerate,The vehicle steadily decelerates to a stop while maintaining a straight course.,decelerate,1,<loc1022>The vehicle accelerates to speed limit and then decelerates normally.;<loc1021>
375,4,2551,2552,27,0,GOOD,,The vehicle steadily decelerates to a stop while maintaining a straight course.,decelerate,The vehicle steadily decelerates to a stop while maintaining a straight course.,decelerate,1,<loc1022>The vehicle steadily decelerates to a stop while maintaining a straight course.;<loc1021>
376,5,1,10,28,0,GOOD,,The vehicle accelerates normally to follow the route and reach target speed.,accelerate,"The vehicle starts smoothly from a stop, accelerating normally.",accelerate,1,<loc1022>The vehicle accelerates normally to follow the route and reach target speed.;<loc1021>
377,5,11,20,28,1,GOOD,,The vehicle accelerates normally to follow the maroon car ahead while maintaining a steady course.,accelerate,"The vehicle accelerates normally, maintaining a steady course.",accelerate,1,<loc1022>The vehicle accelerates normally to follow the maroon car ahead while maintaining a steady course.;<loc1021>
378,5,21,30,28,2,GOOD,,"The vehicle maintains a steady speed, following the route and staying behind the maroon car.",maintain,"The vehicle continues to accelerate normally, matching the speed of the vehicle ahead.",accelerate,1,"<loc1022>The vehicle maintains a steady speed, following the route and staying behind the maroon car.;<loc1021>"
379,5,31,40,28,3,,,"The vehicle maintains a steady speed while following the route, driving cautiously to avoid an accident.",maintain,,,0,"<loc1022>The vehicle maintains a steady speed while following the route, driving cautiously to avoid an accident.;<loc1021>"
380,5,41,50,28,4,,,"The vehicle follows the route, maintaining a steady speed and safe following distance.",follow,,,0,"<loc1022>The vehicle follows the route, maintaining a steady speed and safe following distance.;<loc1021>"
381,5,51,60,28,5,,,The vehicle follows the route and accelerates normally to keep pace with the maroon car ahead.,follow,,,0,<loc1022>The vehicle follows the route and accelerates normally to keep pace with the maroon car ahead.;<loc1021>
382,5,61,70,28,6,,,The vehicle maintains a steady course while decelerating cautiously to a stop.,maintain,,,0,<loc1022>The vehicle maintains a steady course while decelerating cautiously to a stop.;<loc1021>
383,5,71,80,28,7,,,"The vehicle maintains a steady speed, following the route and staying behind the front car.",maintain,,,0,"<loc1022>The vehicle maintains a steady speed, following the route and staying behind the front car.;<loc1021>"
384,5,81,90,28,8,,,"The vehicle follows the route, maintaining a steady speed and safe following distance.",follow,,,0,"<loc1022>The vehicle follows the route, maintaining a steady speed and safe following distance.;<loc1021>"
385,5,91,100,28,9,,,The vehicle accelerates normally to follow the maroon car ahead.,accelerate,,,0,<loc1022>The vehicle accelerates normally to follow the maroon car ahead.;<loc1021>
386,5,101,110,28,10,GOOD,,"The vehicle follows the route, maintaining a steady speed and safe following distance.",follow,The vehicle maintains its lane and keeps a safe following distance behind the lead vehicle.,maintain,1,"<loc1022>The vehicle follows the route, maintaining a steady speed and safe following distance.;<loc1021>"
387,5,111,120,28,11,GOOD,,"The vehicle follows the route, maintaining a steady speed with slight adjustments.",follow,The vehicle maintains a steady speed and safe following distance behind the lead vehicle.,maintain,1,"<loc1022>The vehicle follows the route, maintaining a steady speed with slight adjustments.;<loc1021>"
388,5,121,130,28,12,,,"The vehicle maintains a steady speed while following the route, staying behind the front car.",maintain,,,0,"<loc1022>The vehicle maintains a steady speed while following the route, staying behind the front car.;<loc1021>"
389,5,131,140,28,13,GOOD,,"The vehicle follows the route, maintaining reduced speed steadily behind the front car.",follow,"The vehicle continues to follow the lead car steadily, maintaining a safe gap.",follow,1,"<loc1022>The vehicle follows the route, maintaining reduced speed steadily behind the front car.;<loc1021>"
390,5,141,150,28,14,GOOD,,"The vehicle follows the route, maintaining a steady speed with slight adjustments to the left.",follow,The vehicle maintains a stable speed and follows the route steadily.,maintain,1,"<loc1022>The vehicle follows the route, maintaining a steady speed with slight adjustments to the left.;<loc1021>"
391,5,151,160,29,0,,,"The vehicle follows the route, maintaining a steady speed and safe following distance.",follow,,,0,"<loc1022>The vehicle follows the route, maintaining a steady speed and safe following distance.;<loc1021>"
392,5,161,170,29,1,,,The vehicle steadily decelerates to a stop while maintaining a straight course.,decelerate,,,0,<loc1022>The vehicle steadily decelerates to a stop while maintaining a straight course.;<loc1021>
393,5,171,180,29,2,GOOD,,"The vehicle accelerates steadily to follow the maroon car ahead, maintaining a straight course.",accelerate,"The vehicle follows the route, maintaining a steady speed with smooth lane keeping.",follow,1,"<loc1022>The vehicle accelerates steadily to follow the maroon car ahead, maintaining a straight course.;<loc1021>"
394,5,181,190,29,3,GOOD,,"The vehicle accelerates normally to follow the maroon car ahead, maintaining a steady course.",accelerate,"The vehicle follows the route, maintaining a steady speed with smooth lane keeping.",follow,1,"<loc1022>The vehicle accelerates normally to follow the maroon car ahead, maintaining a steady course.;<loc1021>"
395,5,191,200,29,4,,,"The vehicle steadily keeps its lane, following the route and maintaining speed behind the front car.",maintain,,,0,"<loc1022>The vehicle steadily keeps its lane, following the route and maintaining speed behind the front car.;<loc1021>"
396,5,201,210,29,5,,,"The vehicle follows the route, maintaining a steady speed with slight adjustments to the left.",follow,,,0,"<loc1022>The vehicle follows the route, maintaining a steady speed with slight adjustments to the left.;<loc1021>"
397,5,211,220,29,6,,,"The vehicle decelerates smoothly to stay behind the black car ahead, driving cautiously.",decelerate,,,0,"<loc1022>The vehicle decelerates smoothly to stay behind the black car ahead, driving cautiously.;<loc1021>"
398,5,221,230,29,7,BAD,precursor,"The vehicle follows the route, maintaining a steady speed and safe following distance.",follow,"The vehicle follows the route, maintaining a stable speed and a safe following distance.",follow,1,"<loc1022>The vehicle follows the route, maintaining a steady speed and safe following distance.;<loc1021>"
399,5,231,240,29,8,BAD,direct,"The vehicle maintains a reduced speed, following the route and staying behind the front car.",maintain,"The vehicle smoothly decelerates, adjusting its speed gradually to follow the route.",decelerate,1,"<loc1022>The vehicle maintains a reduced speed, following the route and staying behind the front car.;<loc1021>"
400,5,241,250,29,9,BAD,direct,"The vehicle remains stopped, steadily maintaining its position.",stop,"The vehicle smoothly adjusts its speed to follow the route, preparing to accelerate.",maintain,1,"<loc1022>The vehicle remains stopped, steadily maintaining its position.;<loc1021>"
401,5,251,260,29,10,,,"The vehicle follows the route, maintaining a steady speed and safe following distance behind the maroon car.",follow,,,0,"<loc1022>The vehicle follows the route, maintaining a steady speed and safe following distance behind the maroon car.;<loc1021>"
402,5,261,270,29,11,,,"The vehicle follows the route, maintaining a steady speed and safe following distance.",follow,,,0,"<loc1022>The vehicle follows the route, maintaining a steady speed and safe following distance.;<loc1021>"
403,5,271,280,29,12,GOOD,,The vehicle steadily decelerates to a stop while maintaining a straight course.,decelerate,"The vehicle accelerates steadily to recover speed, maintaining smooth lane keeping.",accelerate,1,<loc1022>The vehicle steadily decelerates to a stop while maintaining a straight course.;<loc1021>
404,5,281,290,29,13,GOOD,,"The vehicle follows the route, maintaining steady speed behind the front car, driving normally.",follow,"The vehicle accelerates steadily to recover speed, maintaining smooth lane keeping.",accelerate,1,"<loc1022>The vehicle follows the route, maintaining steady speed behind the front car, driving normally.;<loc1021>"
405,5,291,300,29,14,,,"The vehicle follows the route, maintaining speed and driving steadily with minimal course adjustments.",follow,,,0,"<loc1022>The vehicle follows the route, maintaining speed and driving steadily with minimal course adjustments.;<loc1021>"
406,5,301,310,30,0,,,"The vehicle follows the route, maintaining reduced speed with a steady course.",follow,,,0,"<loc1022>The vehicle follows the route, maintaining reduced speed with a steady course.;<loc1021>"
407,5,311,320,30,1,,,"The vehicle accelerates normally to follow the route, maintaining a steady course.",accelerate,,,0,"<loc1022>The vehicle accelerates normally to follow the route, maintaining a steady course.;<loc1021>"
408,5,321,330,30,2,,,The vehicle steadily decelerates to a stop while maintaining a straight course.,decelerate,,,0,<loc1022>The vehicle steadily decelerates to a stop while maintaining a straight course.;<loc1021>
409,5,331,340,30,3,GOOD,,"The vehicle follows the route, maintaining reduced speed, and comes to an abrupt stop.",follow,The vehicle steadily decelerates to a stop while maintaining a straight course.,decelerate,1,"<loc1022>The vehicle follows the route, maintaining reduced speed, and comes to an abrupt stop.;<loc1021>"
410,5,341,350,30,4,GOOD,,The vehicle steadily decelerates to a stop while maintaining a straight course.,decelerate,The vehicle steadily decelerates to a stop while maintaining a straight course.,decelerate,1,<loc1022>The vehicle steadily decelerates to a stop while maintaining a straight course.;<loc1021>
411,5,351,360,30,5,,,The vehicle steadily decelerates to a stop while maintaining a straight course.,decelerate,,,0,<loc1022>The vehicle steadily decelerates to a stop while maintaining a straight course.;<loc1021>
412,5,361,370,30,6,,,The vehicle accelerates normally and maintains a steady straight course.,accelerate,,,0,<loc1022>The vehicle accelerates normally and maintains a steady straight course.;<loc1021>
413,5,371,380,30,7,GOOD,,"The vehicle remains stopped, steadily maintaining its position.",stop,"The vehicle remains stopped normally, steadily maintaining its position.",stop,1,"<loc1022>The vehicle remains stopped, steadily maintaining its position.;<loc1021>"
414,5,381,390,30,8,GOOD,,"The vehicle normally follows the route, accelerating to follow the front left car.",follow,"The vehicle remains stopped normally, steadily maintaining its position.",stop,1,"<loc1022>The vehicle normally follows the route, accelerating to follow the front left car.;<loc1021>"
415,5,391,400,30,9,BAD,precursor,"The vehicle remains stopped, steadily maintaining its position.",stop,"The vehicle remains stopped normally, steadily maintaining its position.",stop,1,"<loc1022>The vehicle remains stopped, steadily maintaining its position.;<loc1021>"
416,5,401,410,30,10,BAD,precursor,"The vehicle follows the route, steadily maintaining its lane while stopping normally.",follow,"The vehicle remains stopped normally, steadily maintaining its position.",stop,1,"<loc1022>The vehicle follows the route, steadily maintaining its lane while stopping normally.;<loc1021>"
417,5,411,420,30,11,BAD,direct,"The vehicle remains stopped, steadily maintaining its position.",stop,"The vehicle remains stopped normally, steadily maintaining its position.",stop,1,"<loc1022>The vehicle remains stopped, steadily maintaining its position.;<loc1021>"
418,5,421,430,30,12,BAD,direct,The vehicle accelerates normally to reach the speed limit while maintaining a steady straight course.,accelerate,"The vehicle remains stopped normally, steadily maintaining its position.",stop,1,<loc1022>The vehicle accelerates normally to reach the speed limit while maintaining a steady straight course.;<loc1021>
419,5,431,440,30,13,BAD,direct,"The vehicle remains stopped, steadily maintaining its position.",stop,"The vehicle remains stopped normally, steadily maintaining its position.",stop,1,"<loc1022>The vehicle remains stopped, steadily maintaining its position.;<loc1021>"
420,5,441,450,30,14,BAD,direct,"The vehicle remains stopped, steadily maintaining its position.",stop,"The vehicle remains stopped normally, steadily maintaining its position.",stop,1,"<loc1022>The vehicle remains stopped, steadily maintaining its position.;<loc1021>"
421,5,451,460,31,0,BAD,direct,"The vehicle remains stopped, steadily maintaining its position.",stop,"The vehicle remains stopped, maintaining its position.",stop,1,"<loc1022>The vehicle remains stopped, steadily maintaining its position.;<loc1021>"
422,5,461,470,31,1,BAD,precursor,"The vehicle remains stopped, steadily maintaining its position.",stop,"The vehicle remains stopped, maintaining a steady course.",stop,1,"<loc1022>The vehicle remains stopped, steadily maintaining its position.;<loc1021>"
423,5,471,480,31,2,BAD,precursor,"The vehicle remains stopped, steadily maintaining its position.",stop,"The vehicle remains stopped, maintaining its position.",stop,1,"<loc1022>The vehicle remains stopped, steadily maintaining its position.;<loc1021>"
424,5,481,490,31,3,BAD,direct,"The vehicle follows the route, maintaining its speed and steady course.",follow,"The vehicle remains stopped, maintaining a steady course.",stop,1,"<loc1022>The vehicle follows the route, maintaining its speed and steady course.;<loc1021>"
425,5,491,500,31,4,BAD,direct,"The vehicle follows the route, maintaining steady speed with no course adjustments.",follow,"The vehicle remains stopped, maintaining its position.",stop,1,"<loc1022>The vehicle follows the route, maintaining steady speed with no course adjustments.;<loc1021>"
426,5,501,510,31,5,BAD,precursor,The vehicle accelerates steadily to its target speed while maintaining a straight course.,accelerate,"The vehicle remains stopped, maintaining a steady course.",stop,1,<loc1022>The vehicle accelerates steadily to its target speed while maintaining a straight course.;<loc1021>
427,5,511,520,31,6,BAD,precursor,"The vehicle normally follows the route, accelerating to a steady speed.",follow,"The vehicle remains stopped, maintaining its position.",stop,1,"<loc1022>The vehicle normally follows the route, accelerating to a steady speed.;<loc1021>"
428,5,521,530,31,7,BAD,precursor,"The vehicle remains stopped, steadily maintaining its position.",stop,"The vehicle remains stopped, maintaining a steady course.",stop,1,"<loc1022>The vehicle remains stopped, steadily maintaining its position.;<loc1021>"
429,5,531,540,31,8,BAD,direct,"The vehicle accelerates steadily to follow the route, maintaining a straight course.",accelerate,"The vehicle remains stopped, maintaining its position.",stop,1,"<loc1022>The vehicle accelerates steadily to follow the route, maintaining a straight course.;<loc1021>"
430,5,541,550,31,9,BAD,direct,"The vehicle accelerates normally, maintaining a steady straight course with a slight left adjustment.",accelerate,"The vehicle remains stopped, maintaining a steady course.",stop,1,"<loc1022>The vehicle accelerates normally, maintaining a steady straight course with a slight left adjustment.;<loc1021>"
431,5,551,560,31,10,BAD,precursor,"The vehicle remains stopped, steadily maintaining its position.",stop,"The vehicle remains stopped, maintaining its position.",stop,1,"<loc1022>The vehicle remains stopped, steadily maintaining its position.;<loc1021>"
432,5,561,570,31,11,BAD,precursor,"The vehicle follows the route, accelerating normally to reach the speed limit with steady lane keeping.",follow,"The vehicle remains stopped, maintaining a steady course.",stop,1,"<loc1022>The vehicle follows the route, accelerating normally to reach the speed limit with steady lane keeping.;<loc1021>"
433,5,571,580,31,12,BAD,direct,"The vehicle remains stopped, steadily maintaining its position.",stop,"The vehicle remains stopped, maintaining its position.",stop,1,"<loc1022>The vehicle remains stopped, steadily maintaining its position.;<loc1021>"
434,5,581,590,31,13,BAD,direct,"The vehicle normally follows the route, accelerating to speed and then braking to a stop.",follow,"The vehicle remains stopped, maintaining a steady course.",stop,1,"<loc1022>The vehicle normally follows the route, accelerating to speed and then braking to a stop.;<loc1021>"
435,5,591,600,31,14,BAD,direct,"The vehicle remains stopped, steadily maintaining its position.",stop,"The vehicle remains stopped, maintaining its position.",stop,1,"<loc1022>The vehicle remains stopped, steadily maintaining its position.;<loc1021>"
436,5,601,610,32,0,BAD,precursor,"The vehicle remains stopped, steadily maintaining its position.",stop,The vehicle steadily decelerates to a stop while maintaining a straight course.,decelerate,1,"<loc1022>The vehicle remains stopped, steadily maintaining its position.;<loc1021>"
437,5,611,620,32,1,BAD,precursor,"The vehicle remains stopped, steadily maintaining its position.",stop,The vehicle steadily decelerates to a stop while maintaining a straight course.,decelerate,1,"<loc1022>The vehicle remains stopped, steadily maintaining its position.;<loc1021>"
438,5,621,630,32,2,BAD,direct,"The vehicle remains stopped, steadily maintaining its position.",stop,"The vehicle remains stopped, steadily maintaining its position.",stop,1,"<loc1022>The vehicle remains stopped, steadily maintaining its position.;<loc1021>"
439,5,631,640,32,3,BAD,direct,"The vehicle remains stopped, steadily maintaining its position.",stop,"The vehicle remains stopped, steadily maintaining its position.",stop,1,"<loc1022>The vehicle remains stopped, steadily maintaining its position.;<loc1021>"
440,5,641,650,32,4,BAD,direct,"The vehicle remains stopped, steadily maintaining its position.",stop,"The vehicle remains stopped, steadily maintaining its position.",stop,1,"<loc1022>The vehicle remains stopped, steadily maintaining its position.;<loc1021>"
441,5,651,660,32,5,BAD,direct,"The vehicle normally follows the route, maintaining its speed with a steady course.",follow,"The vehicle remains stopped, steadily maintaining its position.",stop,1,"<loc1022>The vehicle normally follows the route, maintaining its speed with a steady course.;<loc1021>"
442,5,661,670,32,6,BAD,direct,"The vehicle follows the route, maintaining a steady speed and safe driving style.",follow,"The vehicle remains stopped, steadily maintaining its position.",stop,1,"<loc1022>The vehicle follows the route, maintaining a steady speed and safe driving style.;<loc1021>"
443,5,671,680,32,7,BAD,direct,"The vehicle remains stopped, steadily maintaining its position.",stop,"The vehicle remains stopped, steadily maintaining its position.",stop,1,"<loc1022>The vehicle remains stopped, steadily maintaining its position.;<loc1021>"
444,5,681,690,32,8,BAD,direct,"The vehicle normally follows the route, maintaining a steady speed with a smooth adjustment to the left.",follow,"The vehicle remains stopped, steadily maintaining its position.",stop,1,"<loc1022>The vehicle normally follows the route, maintaining a steady speed with a smooth adjustment to the left.;<loc1021>"
445,5,691,700,32,9,BAD,direct,"The vehicle normally follows the route, maintaining its speed and making a wide right adjustment.",follow,"The vehicle remains stopped, steadily maintaining its position.",stop,1,"<loc1022>The vehicle normally follows the route, maintaining its speed and making a wide right adjustment.;<loc1021>"
446,5,701,710,32,10,BAD,direct,"The vehicle remains stopped, steadily maintaining its position.",stop,"The vehicle remains stopped, steadily maintaining its position.",stop,1,"<loc1022>The vehicle remains stopped, steadily maintaining its position.;<loc1021>"
447,5,711,720,32,11,BAD,direct,"The vehicle remains stopped, steadily maintaining its position.",stop,"The vehicle remains stopped, steadily maintaining its position.",stop,1,"<loc1022>The vehicle remains stopped, steadily maintaining its position.;<loc1021>"
448,5,721,730,32,12,BAD,direct,"The vehicle remains stopped, steadily maintaining its position.",stop,"The vehicle remains stopped, steadily maintaining its position.",stop,1,"<loc1022>The vehicle remains stopped, steadily maintaining its position.;<loc1021>"
449,5,731,740,32,13,BAD,direct,"The vehicle remains stopped, steadily maintaining its position.",stop,"The vehicle remains stopped, steadily maintaining its position.",stop,1,"<loc1022>The vehicle remains stopped, steadily maintaining its position.;<loc1021>"
450,5,741,750,32,14,BAD,direct,"The vehicle remains stopped, steadily maintaining its position.",stop,"The vehicle remains stopped, steadily maintaining its position.",stop,1,"<loc1022>The vehicle remains stopped, steadily maintaining its position.;<loc1021>"
451,5,751,760,33,0,BAD,direct,"The vehicle remains stopped, steadily maintaining its position.",stop,"The vehicle remains stopped, steadily maintaining its position.",stop,1,"<loc1022>The vehicle remains stopped, steadily maintaining its position.;<loc1021>"
452,5,761,770,33,1,BAD,direct,"The vehicle remains stopped, steadily maintaining its position.",stop,"The vehicle remains stopped, steadily maintaining its position.",stop,1,"<loc1022>The vehicle remains stopped, steadily maintaining its position.;<loc1021>"
453,5,771,780,33,2,BAD,precursor,"The vehicle remains stopped, steadily maintaining its position.",stop,"The vehicle remains stopped, steadily maintaining its position.",stop,1,"<loc1022>The vehicle remains stopped, steadily maintaining its position.;<loc1021>"
454,5,781,790,33,3,BAD,precursor,"The vehicle remains stopped, steadily maintaining its position.",stop,"The vehicle remains stopped, steadily maintaining its position.",stop,1,"<loc1022>The vehicle remains stopped, steadily maintaining its position.;<loc1021>"
455,5,791,800,33,4,BAD,direct,"The vehicle remains stopped, steadily maintaining its position.",stop,"The vehicle remains stopped, steadily maintaining its position.",stop,1,"<loc1022>The vehicle remains stopped, steadily maintaining its position.;<loc1021>"
456,5,801,810,33,5,BAD,direct,"The vehicle normally follows the route, maintaining its speed with a steady straight course.",follow,"The vehicle remains stopped, steadily maintaining its position.",stop,1,"<loc1022>The vehicle normally follows the route, maintaining its speed with a steady straight course.;<loc1021>"
457,5,811,820,33,6,BAD,direct,"The vehicle remains stopped, steadily maintaining its position.",stop,"The vehicle remains stopped, steadily maintaining its position.",stop,1,"<loc1022>The vehicle remains stopped, steadily maintaining its position.;<loc1021>"
458,5,821,830,33,7,BAD,direct,"The vehicle normally follows the route, accelerating to keep pace with the front right car.",follow,"The vehicle remains stopped, steadily maintaining its position.",stop,1,"<loc1022>The vehicle normally follows the route, accelerating to keep pace with the front right car.;<loc1021>"
459,5,831,840,33,8,BAD,precursor,"The vehicle remains stopped, steadily maintaining its position.",stop,"The vehicle remains stopped, steadily maintaining its position.",stop,1,"<loc1022>The vehicle remains stopped, steadily maintaining its position.;<loc1021>"
460,5,841,850,33,9,BAD,direct,"The vehicle remains stopped, steadily maintaining its position.",stop,"The vehicle remains stopped, steadily maintaining its position.",stop,1,"<loc1022>The vehicle remains stopped, steadily maintaining its position.;<loc1021>"
461,5,851,860,33,10,BAD,direct,"The vehicle normally follows the route, accelerating to drive with target speed while making a slight adjustment to the right.",follow,"The vehicle remains stopped, steadily maintaining its position.",stop,1,"<loc1022>The vehicle normally follows the route, accelerating to drive with target speed while making a slight adjustment to the right.;<loc1021>"
462,5,861,870,33,11,BAD,direct,"The vehicle remains stopped, steadily maintaining its position.",stop,"The vehicle remains stopped, steadily maintaining its position.",stop,1,"<loc1022>The vehicle remains stopped, steadily maintaining its position.;<loc1021>"
463,5,871,880,33,12,BAD,direct,"The vehicle remains stopped, steadily maintaining its position.",stop,"The vehicle remains stopped, steadily maintaining its position.",stop,1,"<loc1022>The vehicle remains stopped, steadily maintaining its position.;<loc1021>"
464,5,881,890,33,13,BAD,direct,"The vehicle remains stopped, steadily maintaining its position.",stop,"The vehicle remains stopped, steadily maintaining its position.",stop,1,"<loc1022>The vehicle remains stopped, steadily maintaining its position.;<loc1021>"
465,5,891,900,33,14,BAD,direct,"The vehicle remains stopped, steadily maintaining its position.",stop,"The vehicle remains stopped, steadily maintaining its position.",stop,1,"<loc1022>The vehicle remains stopped, steadily maintaining its position.;<loc1021>"
466,5,901,910,34,0,BAD,direct,"The vehicle remains stopped, steadily maintaining its position.",stop,"The vehicle remains stopped, steadily maintaining its position.",stop,1,"<loc1022>The vehicle remains stopped, steadily maintaining its position.;<loc1021>"
467,5,911,920,34,1,BAD,direct,"The vehicle remains stopped, steadily maintaining its position.",stop,"The vehicle remains stopped, steadily maintaining its position.",stop,1,"<loc1022>The vehicle remains stopped, steadily maintaining its position.;<loc1021>"
468,5,921,930,34,2,BAD,precursor,"The vehicle remains stopped, steadily maintaining its position.",stop,"The vehicle remains stopped, steadily maintaining its position.",stop,1,"<loc1022>The vehicle remains stopped, steadily maintaining its position.;<loc1021>"
469,5,931,940,34,3,BAD,precursor,"The vehicle remains stopped, steadily maintaining its position.",stop,"The vehicle remains stopped, steadily maintaining its position.",stop,1,"<loc1022>The vehicle remains stopped, steadily maintaining its position.;<loc1021>"
470,5,941,950,34,4,BAD,precursor,"The vehicle remains stopped, steadily maintaining its position.",stop,"The vehicle remains stopped, steadily maintaining its position.",stop,1,"<loc1022>The vehicle remains stopped, steadily maintaining its position.;<loc1021>"
471,5,951,960,34,5,BAD,precursor,"The vehicle remains stopped, steadily maintaining its position.",stop,"The vehicle remains stopped, steadily maintaining its position.",stop,1,"<loc1022>The vehicle remains stopped, steadily maintaining its position.;<loc1021>"
472,5,961,970,34,6,BAD,direct,"The vehicle remains stopped, steadily maintaining its position.",stop,"The vehicle remains stopped, steadily maintaining its position.",stop,1,"<loc1022>The vehicle remains stopped, steadily maintaining its position.;<loc1021>"
473,5,971,980,34,7,BAD,direct,"The vehicle remains stopped, steadily maintaining its position.",stop,"The vehicle remains stopped, steadily maintaining its position.",stop,1,"<loc1022>The vehicle remains stopped, steadily maintaining its position.;<loc1021>"
474,5,981,990,34,8,BAD,precursor,"The vehicle remains stopped, steadily maintaining its position.",stop,"The vehicle remains stopped, steadily maintaining its position.",stop,1,"<loc1022>The vehicle remains stopped, steadily maintaining its position.;<loc1021>"
475,5,991,1000,34,9,BAD,precursor,"The vehicle remains stopped, steadily maintaining its position.",stop,"The vehicle remains stopped, steadily maintaining its position.",stop,1,"<loc1022>The vehicle remains stopped, steadily maintaining its position.;<loc1021>"
476,5,1001,1010,34,10,BAD,precursor,"The vehicle remains stopped, steadily maintaining its position.",stop,"The vehicle remains stopped, steadily maintaining its position.",stop,1,"<loc1022>The vehicle remains stopped, steadily maintaining its position.;<loc1021>"
477,5,1011,1020,34,11,BAD,precursor,"The vehicle remains stopped, steadily maintaining its position.",stop,"The vehicle remains stopped, steadily maintaining its position.",stop,1,"<loc1022>The vehicle remains stopped, steadily maintaining its position.;<loc1021>"
478,5,1021,1030,34,12,BAD,direct,"The vehicle remains stopped, steadily maintaining its position.",stop,"The vehicle remains stopped, steadily maintaining its position.",stop,1,"<loc1022>The vehicle remains stopped, steadily maintaining its position.;<loc1021>"
479,5,1031,1040,34,13,BAD,direct,"The vehicle remains stopped, steadily maintaining its position.",stop,"The vehicle remains stopped, steadily maintaining its position.",stop,1,"<loc1022>The vehicle remains stopped, steadily maintaining its position.;<loc1021>"
480,5,1041,1050,34,14,BAD,direct,"The vehicle remains stopped, steadily maintaining its position.",stop,"The vehicle remains stopped, steadily maintaining its position.",stop,1,"<loc1022>The vehicle remains stopped, steadily maintaining its position.;<loc1021>"
481,5,1051,1060,35,0,GOOD,,"The vehicle remains stopped, steadily maintaining its position.",stop,The vehicle steadily decelerates to a stop while maintaining a straight course.,decelerate,1,"<loc1022>The vehicle remains stopped, steadily maintaining its position.;<loc1021>"
482,5,1061,1070,35,1,,,"The vehicle remains stopped, steadily maintaining its position.",stop,"The vehicle remains stopped, steadily maintaining its position.",stop,1,"<loc1022>The vehicle remains stopped, steadily maintaining its position.;<loc1021>"
483,5,1071,1080,35,2,,,"The vehicle remains stopped, steadily maintaining its position.",stop,"The vehicle remains stopped, steadily maintaining its position.",stop,1,"<loc1022>The vehicle remains stopped, steadily maintaining its position.;<loc1021>"
484,5,1081,1090,35,3,,,"The vehicle remains stopped, steadily maintaining its position.",stop,"The vehicle remains stopped, steadily maintaining its position.",stop,1,"<loc1022>The vehicle remains stopped, steadily maintaining its position.;<loc1021>"
485,5,1091,1100,35,4,,,"The vehicle remains stopped, steadily maintaining its position.",stop,"The vehicle remains stopped, steadily maintaining its position.",stop,1,"<loc1022>The vehicle remains stopped, steadily maintaining its position.;<loc1021>"
486,5,1101,1110,35,5,BAD,precursor,"The vehicle remains stopped, steadily maintaining its position.",stop,"The vehicle remains stopped, steadily maintaining its position.",stop,1,"<loc1022>The vehicle remains stopped, steadily maintaining its position.;<loc1021>"
487,5,1111,1120,35,6,BAD,direct,"The vehicle remains stopped, steadily maintaining its position.",stop,"The vehicle remains stopped, steadily maintaining its position.",stop,1,"<loc1022>The vehicle remains stopped, steadily maintaining its position.;<loc1021>"
488,5,1121,1130,35,7,BAD,direct,"The vehicle remains stopped, steadily maintaining its position.",stop,"The vehicle remains stopped, steadily maintaining its position.",stop,1,"<loc1022>The vehicle remains stopped, steadily maintaining its position.;<loc1021>"
489,5,1131,1140,35,8,BAD,direct,"The vehicle remains stopped, steadily maintaining its position.",stop,"The vehicle remains stopped, steadily maintaining its position.",stop,1,"<loc1022>The vehicle remains stopped, steadily maintaining its position.;<loc1021>"
490,5,1141,1150,35,9,BAD,direct,"The vehicle remains stopped, steadily maintaining its position.",stop,"The vehicle remains stopped, steadily maintaining its position.",stop,1,"<loc1022>The vehicle remains stopped, steadily maintaining its position.;<loc1021>"
491,5,1151,1160,35,10,BAD,direct,"The vehicle remains stopped, steadily maintaining its position.",stop,"The vehicle remains stopped, steadily maintaining its position.",stop,1,"<loc1022>The vehicle remains stopped, steadily maintaining its position.;<loc1021>"
492,5,1161,1170,35,11,BAD,precursor,"The vehicle remains stopped, steadily maintaining its position.",stop,"The vehicle remains stopped, steadily maintaining its position.",stop,1,"<loc1022>The vehicle remains stopped, steadily maintaining its position.;<loc1021>"
493,5,1171,1180,35,12,BAD,precursor,"The vehicle remains stopped, steadily maintaining its position.",stop,"The vehicle remains stopped, steadily maintaining its position.",stop,1,"<loc1022>The vehicle remains stopped, steadily maintaining its position.;<loc1021>"
494,5,1181,1190,35,13,BAD,direct,"The vehicle remains stopped, steadily maintaining its position.",stop,"The vehicle remains stopped, steadily maintaining its position.",stop,1,"<loc1022>The vehicle remains stopped, steadily maintaining its position.;<loc1021>"
495,5,1191,1200,35,14,BAD,direct,"The vehicle remains stopped, maintaining a steady course.",stop,"The vehicle remains stopped, steadily maintaining its position.",stop,1,"<loc1022>The vehicle remains stopped, maintaining a steady course.;<loc1021>"
496,5,1201,1210,36,0,GOOD,,"The vehicle remains stopped, steadily maintaining its position.",stop,"The vehicle remains stopped normally, maintaining its position.",stop,1,"<loc1022>The vehicle remains stopped, steadily maintaining its position.;<loc1021>"
497,5,1211,1220,36,1,GOOD,,"The vehicle remains stopped, steadily maintaining its position.",stop,"The vehicle remains stopped normally, maintaining its position.",stop,1,"<loc1022>The vehicle remains stopped, steadily maintaining its position.;<loc1021>"
498,5,1221,1230,36,2,GOOD,,"The vehicle remains stopped, steadily maintaining its position.",stop,"The vehicle remains stopped normally, maintaining its position.",stop,1,"<loc1022>The vehicle remains stopped, steadily maintaining its position.;<loc1021>"
499,5,1231,1240,36,3,GOOD,,"The vehicle remains stopped, steadily maintaining its position.",stop,"The vehicle remains stopped normally, maintaining its position.",stop,1,"<loc1022>The vehicle remains stopped, steadily maintaining its position.;<loc1021>"
500,5,1241,1250,36,4,GOOD,,"The vehicle remains stopped, steadily maintaining its position.",stop,"The vehicle remains stopped normally, maintaining its position.",stop,1,"<loc1022>The vehicle remains stopped, steadily maintaining its position.;<loc1021>"
501,5,1251,1260,36,5,GOOD,,"The vehicle remains stopped, steadily maintaining its position.",stop,"The vehicle remains stopped normally, maintaining its position.",stop,1,"<loc1022>The vehicle remains stopped, steadily maintaining its position.;<loc1021>"
502,5,1261,1270,36,6,GOOD,,"The vehicle remains stopped, steadily maintaining its position.",stop,"The vehicle remains stopped normally, maintaining its position.",stop,1,"<loc1022>The vehicle remains stopped, steadily maintaining its position.;<loc1021>"
503,5,1271,1280,36,7,GOOD,,"The vehicle remains stopped, steadily maintaining its position.",stop,"The vehicle remains stopped normally, maintaining its position.",stop,1,"<loc1022>The vehicle remains stopped, steadily maintaining its position.;<loc1021>"
504,5,1281,1290,36,8,GOOD,,"The vehicle remains stopped, steadily maintaining its position.",stop,"The vehicle remains stopped normally, maintaining its position.",stop,1,"<loc1022>The vehicle remains stopped, steadily maintaining its position.;<loc1021>"
505,5,1291,1300,36,9,GOOD,,"The vehicle remains stopped, steadily maintaining its position.",stop,"The vehicle remains stopped normally, maintaining its position.",stop,1,"<loc1022>The vehicle remains stopped, steadily maintaining its position.;<loc1021>"
506,5,1301,1310,36,10,GOOD,,"The vehicle remains stopped, steadily maintaining its position.",stop,"The vehicle remains stopped normally, maintaining its position.",stop,1,"<loc1022>The vehicle remains stopped, steadily maintaining its position.;<loc1021>"
507,5,1311,1320,36,11,GOOD,,"The vehicle remains stopped, steadily maintaining its position.",stop,"The vehicle remains stopped normally, maintaining its position.",stop,1,"<loc1022>The vehicle remains stopped, steadily maintaining its position.;<loc1021>"
508,5,1321,1330,36,12,GOOD,,"The vehicle remains stopped, steadily maintaining its position.",stop,"The vehicle remains stopped normally, maintaining its position.",stop,1,"<loc1022>The vehicle remains stopped, steadily maintaining its position.;<loc1021>"
509,5,1331,1340,36,13,GOOD,,"The vehicle remains stopped, steadily maintaining its position.",stop,"The vehicle remains stopped normally, maintaining its position.",stop,1,"<loc1022>The vehicle remains stopped, steadily maintaining its position.;<loc1021>"
510,5,1341,1350,36,14,GOOD,,"The vehicle remains stopped, steadily maintaining its position.",stop,"The vehicle remains stopped normally, maintaining its position.",stop,1,"<loc1022>The vehicle remains stopped, steadily maintaining its position.;<loc1021>"
511,5,1351,1360,37,0,BAD,precursor,"The vehicle remains stopped, steadily maintaining its position.",stop,"The vehicle remains stopped, steadily maintaining its position.",stop,1,"<loc1022>The vehicle remains stopped, steadily maintaining its position.;<loc1021>"
512,5,1361,1370,37,1,BAD,precursor,"The vehicle remains stopped, steadily maintaining its position.",stop,"The vehicle remains stopped, steadily maintaining its position.",stop,1,"<loc1022>The vehicle remains stopped, steadily maintaining its position.;<loc1021>"
513,5,1371,1380,37,2,BAD,direct,"The vehicle remains stopped, steadily maintaining its position.",stop,"The vehicle remains stopped, steadily maintaining its position.",stop,1,"<loc1022>The vehicle remains stopped, steadily maintaining its position.;<loc1021>"
514,5,1381,1390,37,3,BAD,direct,"The vehicle remains stopped, steadily maintaining its position.",stop,"The vehicle remains stopped, steadily maintaining its position.",stop,1,"<loc1022>The vehicle remains stopped, steadily maintaining its position.;<loc1021>"
515,5,1391,1400,37,4,BAD,direct,"The vehicle remains stopped, steadily maintaining its position.",stop,"The vehicle remains stopped, steadily maintaining its position.",stop,1,"<loc1022>The vehicle remains stopped, steadily maintaining its position.;<loc1021>"
516,5,1401,1410,37,5,BAD,direct,"The vehicle remains stopped, steadily maintaining its position.",stop,"The vehicle remains stopped, steadily maintaining its position.",stop,1,"<loc1022>The vehicle remains stopped, steadily maintaining its position.;<loc1021>"
517,5,1411,1420,37,6,BAD,direct,"The vehicle remains stopped, steadily maintaining its position.",stop,"The vehicle remains stopped, steadily maintaining its position.",stop,1,"<loc1022>The vehicle remains stopped, steadily maintaining its position.;<loc1021>"
518,5,1421,1430,37,7,BAD,direct,"The vehicle remains stopped, steadily maintaining its position.",stop,"The vehicle remains stopped, steadily maintaining its position.",stop,1,"<loc1022>The vehicle remains stopped, steadily maintaining its position.;<loc1021>"
519,5,1431,1440,37,8,BAD,direct,"The vehicle remains stopped, steadily maintaining its position.",stop,"The vehicle remains stopped, steadily maintaining its position.",stop,1,"<loc1022>The vehicle remains stopped, steadily maintaining its position.;<loc1021>"
520,5,1441,1450,37,9,BAD,direct,"The vehicle remains stopped, steadily maintaining its position.",stop,"The vehicle remains stopped, steadily maintaining its position.",stop,1,"<loc1022>The vehicle remains stopped, steadily maintaining its position.;<loc1021>"
521,5,1451,1460,37,10,BAD,direct,"The vehicle remains stopped, steadily maintaining its position.",stop,"The vehicle remains stopped, steadily maintaining its position.",stop,1,"<loc1022>The vehicle remains stopped, steadily maintaining its position.;<loc1021>"
522,5,1461,1470,37,11,BAD,direct,"The vehicle remains stopped, steadily maintaining its position.",stop,"The vehicle remains stopped, steadily maintaining its position.",stop,1,"<loc1022>The vehicle remains stopped, steadily maintaining its position.;<loc1021>"
523,5,1471,1480,37,12,BAD,direct,"The vehicle remains stopped, steadily maintaining its position.",stop,"The vehicle remains stopped, steadily maintaining its position.",stop,1,"<loc1022>The vehicle remains stopped, steadily maintaining its position.;<loc1021>"
524,5,1481,1490,37,13,BAD,direct,"The vehicle remains stopped, steadily maintaining its position.",stop,"The vehicle remains stopped, steadily maintaining its position.",stop,1,"<loc1022>The vehicle remains stopped, steadily maintaining its position.;<loc1021>"
525,5,1491,1500,37,14,GOOD,,"The vehicle accelerates steadily to follow the route, maintaining a straight course.",accelerate,The vehicle accelerates normally and follows the route.,accelerate,1,"<loc1022>The vehicle accelerates steadily to follow the route, maintaining a straight course.;<loc1021>"
526,5,1501,1510,38,0,BAD,direct,"The vehicle accelerates steadily to follow the route, maintaining a straight course.",accelerate,"The vehicle accelerates steadily to follow the route, maintaining a straight course.",accelerate,1,"<loc1022>The vehicle accelerates steadily to follow the route, maintaining a straight course.;<loc1021>"
527,5,1511,1520,38,1,BAD,precursor,"The vehicle normally follows the route, maintaining its speed with a steady course.",follow,"The vehicle normally follows the route, maintaining its speed and steady lane keeping.",follow,1,"<loc1022>The vehicle normally follows the route, maintaining its speed with a steady course.;<loc1021>"
528,5,1521,1530,38,2,BAD,direct,"The vehicle normally follows the route, maintaining a steady speed with smooth control inputs.",follow,"The vehicle smoothly follows the route, maintaining speed and steady lane keeping.",follow,1,"<loc1022>The vehicle normally follows the route, maintaining a steady speed with smooth control inputs.;<loc1021>"
529,5,1531,1540,38,3,,,The vehicle smoothly adjusts course to the right while maintaining a steady speed.,maintain,"The vehicle normally follows the route, accelerating and maintaining steady lane keeping.",follow,1,<loc1022>The vehicle smoothly adjusts course to the right while maintaining a steady speed.;<loc1021>
530,5,1541,1550,38,4,,,"The vehicle normally follows the route, maintaining its speed along the clear road.",follow,"The vehicle normally follows the route, accelerating and maintaining steady lane keeping.",follow,1,"<loc1022>The vehicle normally follows the route, maintaining its speed along the clear road.;<loc1021>"
531,5,1551,1560,38,5,,,"The vehicle follows the route, maintaining its speed with smooth control inputs.",follow,"The vehicle normally follows the route, accelerating and maintaining steady lane keeping.",follow,1,"<loc1022>The vehicle follows the route, maintaining its speed with smooth control inputs.;<loc1021>"
532,5,1561,1570,38,6,GOOD,,"The vehicle steadily decelerates, maintaining a straight course.",decelerate,"The vehicle smoothly follows the route, accelerating and maintaining steady lane keeping.",follow,1,"<loc1022>The vehicle steadily decelerates, maintaining a straight course.;<loc1021>"
533,5,1571,1580,38,7,GOOD,,"The vehicle normally follows the route, maintaining a steady speed with smooth control inputs.",follow,"The vehicle smoothly follows the route, accelerating and maintaining steady lane keeping.",follow,1,"<loc1022>The vehicle normally follows the route, maintaining a steady speed with smooth control inputs.;<loc1021>"
534,5,1581,1590,38,8,GOOD,,"The vehicle follows the route, maintaining reduced speed with steady lane keeping.",follow,"The vehicle smoothly follows the route, accelerating and maintaining steady lane keeping.",follow,1,"<loc1022>The vehicle follows the route, maintaining reduced speed with steady lane keeping.;<loc1021>"
535,5,1591,1600,38,9,GOOD,,The vehicle steadily decelerates while maintaining a straight course.,decelerate,"The vehicle smoothly follows the route, accelerating and maintaining steady lane keeping.",follow,1,<loc1022>The vehicle steadily decelerates while maintaining a straight course.;<loc1021>
536,5,1601,1610,38,10,GOOD,,"The vehicle follows the route, maintaining a steady speed with smooth control adjustments.",follow,"The vehicle smoothly follows the route, accelerating and maintaining steady lane keeping.",follow,1,"<loc1022>The vehicle follows the route, maintaining a steady speed with smooth control adjustments.;<loc1021>"
537,5,1611,1620,38,11,GOOD,,The vehicle steadily decelerates to a stop while maintaining a straight course.,decelerate,"The vehicle smoothly follows the route, accelerating and maintaining steady lane keeping.",follow,1,<loc1022>The vehicle steadily decelerates to a stop while maintaining a straight course.;<loc1021>
538,5,1621,1621,38,12,GOOD,,,,"The vehicle smoothly follows the route, accelerating and maintaining steady lane keeping.",follow,1,
539,6,1,10,39,0,,,"The vehicle accelerates steadily to follow the route, maintaining a straight course.",accelerate,The vehicle accelerates normally and maintains a straight course.,accelerate,1,"<loc1022>The vehicle accelerates steadily to follow the route, maintaining a straight course.;<loc1021>"
540,6,11,20,39,1,,,"The vehicle accelerates steadily to follow the maroon car ahead, maintaining a straight course.",accelerate,The vehicle accelerates normally and maintains a straight course.,accelerate,1,"<loc1022>The vehicle accelerates steadily to follow the maroon car ahead, maintaining a straight course.;<loc1021>"
541,6,21,30,39,2,GOOD,,"The vehicle follows the route, maintaining reduced speed to stay behind the front car, driving normally.",follow,The vehicle accelerates normally and maintains a straight course.,accelerate,1,"<loc1022>The vehicle follows the route, maintaining reduced speed to stay behind the front car, driving normally.;<loc1021>"
542,6,31,40,39,3,GOOD,,"The vehicle follows the route, maintaining a steady speed behind the front car.",follow,"The vehicle accelerates smoothly, maintaining steady lane keeping.",accelerate,1,"<loc1022>The vehicle follows the route, maintaining a steady speed behind the front car.;<loc1021>"
543,6,41,50,39,4,GOOD,,"The vehicle follows the route, maintaining a steady speed with smooth adjustments to the right.",follow,"The vehicle accelerates smoothly, maintaining steady lane keeping.",accelerate,1,"<loc1022>The vehicle follows the route, maintaining a steady speed with smooth adjustments to the right.;<loc1021>"
544,6,51,60,39,5,GOOD,,"The vehicle follows the route, maintaining a steady speed with smooth adjustments.",follow,The vehicle maintains a steady speed while following the route.,maintain,1,"<loc1022>The vehicle follows the route, maintaining a steady speed with smooth adjustments.;<loc1021>"
545,6,61,70,39,6,GOOD,,"The vehicle follows the route, maintaining a steady speed with smooth control inputs.",follow,The vehicle decelerates smoothly while maintaining a straight course.,decelerate,1,"<loc1022>The vehicle follows the route, maintaining a steady speed with smooth control inputs.;<loc1021>"
546,6,71,80,39,7,GOOD,,"The vehicle follows the route, maintaining a steady speed behind the front car.",follow,The vehicle steadily decelerates to a stop while maintaining a straight course.,decelerate,1,"<loc1022>The vehicle follows the route, maintaining a steady speed behind the front car.;<loc1021>"
547,6,81,90,39,8,GOOD,,"The vehicle remains stopped, steadily maintaining its position.",stop,"The vehicle remains stopped, steadily maintaining its position.",stop,1,"<loc1022>The vehicle remains stopped, steadily maintaining its position.;<loc1021>"
548,6,91,100,39,9,GOOD,,"The vehicle follows the route, maintaining a steady speed and safe following distance.",follow,"The vehicle remains stopped, steadily maintaining its position.",stop,1,"<loc1022>The vehicle follows the route, maintaining a steady speed and safe following distance.;<loc1021>"
549,6,101,110,39,10,GOOD,,"The vehicle follows the route, maintaining a steady speed with smooth control inputs.",follow,"The vehicle remains stopped, steadily maintaining its position.",stop,1,"<loc1022>The vehicle follows the route, maintaining a steady speed with smooth control inputs.;<loc1021>"
550,6,111,120,39,11,GOOD,,"The vehicle follows the route, maintaining a steady speed and safe following distance.",follow,"The vehicle accelerates smoothly from a stop, maintaining a straight course.",accelerate,1,"<loc1022>The vehicle follows the route, maintaining a steady speed and safe following distance.;<loc1021>"
551,6,121,130,39,12,GOOD,,The vehicle steadily decelerates to a stop while maintaining a straight course.,decelerate,"The vehicle accelerates normally, maintaining steady lane keeping.",accelerate,1,<loc1022>The vehicle steadily decelerates to a stop while maintaining a straight course.;<loc1021>
552,6,131,140,39,13,GOOD,,"The vehicle accelerates steadily to follow the route, maintaining a straight course.",accelerate,"The vehicle accelerates normally, maintaining steady lane keeping.",accelerate,1,"<loc1022>The vehicle accelerates steadily to follow the route, maintaining a straight course.;<loc1021>"
553,6,141,150,39,14,GOOD,,"The vehicle follows the route, maintaining a steady speed with smooth control inputs.",follow,"The vehicle accelerates normally, maintaining steady lane keeping.",accelerate,1,"<loc1022>The vehicle follows the route, maintaining a steady speed with smooth control inputs.;<loc1021>"
554,6,151,160,40,0,,,The vehicle steadily decelerates to a stop while maintaining a straight course.,decelerate,,,0,<loc1022>The vehicle steadily decelerates to a stop while maintaining a straight course.;<loc1021>
555,6,161,170,40,1,,,The vehicle steadily decelerates to a stop while maintaining a straight course.,decelerate,,,0,<loc1022>The vehicle steadily decelerates to a stop while maintaining a straight course.;<loc1021>
556,6,171,180,40,2,BAD,precursor,"The vehicle accelerates steadily to follow the front car, maintaining a straight course.",accelerate,"The vehicle normally follows the route, maintaining its speed and staying centered.",follow,1,"<loc1022>The vehicle accelerates steadily to follow the front car, maintaining a straight course.;<loc1021>"
557,6,181,190,40,3,BAD,direct,"The vehicle follows the route, accelerating normally to follow the maroon car ahead.",follow,The vehicle maintains a steady speed while following the route.,maintain,1,"<loc1022>The vehicle follows the route, accelerating normally to follow the maroon car ahead.;<loc1021>"
558,6,191,200,40,4,,,"The vehicle remains stopped, steadily maintaining its position.",stop,,,0,"<loc1022>The vehicle remains stopped, steadily maintaining its position.;<loc1021>"
559,6,201,210,40,5,,,"The vehicle normally follows the route, maintaining a steady speed with smooth control inputs.",follow,,,0,"<loc1022>The vehicle normally follows the route, maintaining a steady speed with smooth control inputs.;<loc1021>"
560,6,211,220,40,6,,,"The vehicle normally follows the route, maintaining a steady speed with smooth control inputs.",follow,,,0,"<loc1022>The vehicle normally follows the route, maintaining a steady speed with smooth control inputs.;<loc1021>"
561,6,221,230,40,7,GOOD,,"The vehicle follows the route, maintaining a steady speed and safe following distance.",follow,"The vehicle accelerates smoothly to follow the route, maintaining a steady course.",accelerate,1,"<loc1022>The vehicle follows the route, maintaining a steady speed and safe following distance.;<loc1021>"
562,6,231,240,40,8,GOOD,,The vehicle steadily decelerates to a stop while maintaining a straight course.,decelerate,"The vehicle accelerates smoothly to follow the route, maintaining a steady course.",accelerate,1,<loc1022>The vehicle steadily decelerates to a stop while maintaining a straight course.;<loc1021>
563,6,241,250,40,9,BAD,precursor,"The vehicle follows the route, maintaining a steady speed to stay behind the front car.",follow,"The vehicle smoothly follows the route, maintaining its speed.",follow,1,"<loc1022>The vehicle follows the route, maintaining a steady speed to stay behind the front car.;<loc1021>"
564,6,251,260,40,10,BAD,direct,The vehicle steadily decelerates to a stop while maintaining a straight course.,decelerate,"The vehicle continues forward smoothly, maintaining its speed and course.",maintain,1,<loc1022>The vehicle steadily decelerates to a stop while maintaining a straight course.;<loc1021>
565,6,261,270,40,11,BAD,direct,The vehicle steadily decelerates to a stop while maintaining a straight course.,decelerate,"The vehicle accelerates normally to follow the route, maintaining a straight course.",accelerate,1,<loc1022>The vehicle steadily decelerates to a stop while maintaining a straight course.;<loc1021>
566,6,271,280,40,12,,,"The vehicle remains stopped, steadily maintaining its position.",stop,,,0,"<loc1022>The vehicle remains stopped, steadily maintaining its position.;<loc1021>"
567,6,281,290,40,13,,,"The vehicle accelerates steadily to keep pace with the leading maroon car, maintaining a straight course.",accelerate,,,0,"<loc1022>The vehicle accelerates steadily to keep pace with the leading maroon car, maintaining a straight course.;<loc1021>"
568,6,291,300,40,14,,,"The vehicle follows the route, accelerating normally to keep pace with the front-left car.",follow,,,0,"<loc1022>The vehicle follows the route, accelerating normally to keep pace with the front-left car.;<loc1021>"
569,6,301,310,41,0,GOOD,,"The vehicle remains stopped, steadily maintaining its position.",stop,The vehicle follows the route and maintains its speed with a steady course.,follow,1,"<loc1022>The vehicle remains stopped, steadily maintaining its position.;<loc1021>"
570,6,311,320,41,1,GOOD,,"The vehicle accelerates steadily to follow the route, maintaining a straight course.",accelerate,The vehicle follows the route and maintains its speed with a steady course.,follow,1,"<loc1022>The vehicle accelerates steadily to follow the route, maintaining a straight course.;<loc1021>"
571,6,321,330,41,2,BAD,direct,The vehicle steadily decelerates to a stop while maintaining a straight course.,decelerate,"The vehicle normally follows the route, maintaining its speed.",follow,1,<loc1022>The vehicle steadily decelerates to a stop while maintaining a straight course.;<loc1021>
572,6,331,340,41,3,BAD,direct,The vehicle steadily decelerates to a stop while maintaining a straight course.,decelerate,"The vehicle accelerates normally to follow the route, maintaining a straight course.",accelerate,1,<loc1022>The vehicle steadily decelerates to a stop while maintaining a straight course.;<loc1021>
573,6,341,350,41,4,BAD,direct,"The vehicle remains stopped, steadily maintaining its position.",stop,"The vehicle accelerates normally to follow the route, maintaining a straight course.",accelerate,1,"<loc1022>The vehicle remains stopped, steadily maintaining its position.;<loc1021>"
574,6,351,360,41,5,BAD,direct,"The vehicle remains stopped, steadily maintaining its position.",stop,"The vehicle accelerates normally to follow the route, maintaining a straight course.",accelerate,1,"<loc1022>The vehicle remains stopped, steadily maintaining its position.;<loc1021>"
575,6,361,370,41,6,BAD,direct,"The vehicle normally follows the route, maintaining a steady speed with smooth control inputs.",follow,"The vehicle accelerates normally to follow the route, maintaining a straight course.",accelerate,1,"<loc1022>The vehicle normally follows the route, maintaining a steady speed with smooth control inputs.;<loc1021>"
576,6,371,380,41,7,BAD,direct,"The vehicle remains stopped, steadily maintaining its position.",stop,"The vehicle accelerates normally to follow the route, maintaining a straight course.",accelerate,1,"<loc1022>The vehicle remains stopped, steadily maintaining its position.;<loc1021>"
577,6,381,390,41,8,BAD,direct,"The vehicle accelerates steadily to follow the route, maintaining a straight course.",accelerate,"The vehicle accelerates normally to follow the route, maintaining a straight course.",accelerate,1,"<loc1022>The vehicle accelerates steadily to follow the route, maintaining a straight course.;<loc1021>"
578,6,391,400,41,9,BAD,direct,"The vehicle remains stopped, steadily maintaining its position.",stop,"The vehicle accelerates normally to follow the route, maintaining a straight course.",accelerate,1,"<loc1022>The vehicle remains stopped, steadily maintaining its position.;<loc1021>"
579,6,401,410,41,10,BAD,direct,"The vehicle remains stopped, steadily maintaining its position.",stop,"The vehicle accelerates normally to follow the route, maintaining a straight course.",accelerate,1,"<loc1022>The vehicle remains stopped, steadily maintaining its position.;<loc1021>"
580,6,411,420,41,11,BAD,direct,"The vehicle remains stopped, maintaining its position.",stop,"The vehicle accelerates normally to follow the route, maintaining a straight course.",accelerate,1,"<loc1022>The vehicle remains stopped, maintaining its position.;<loc1021>"
581,6,421,430,41,12,BAD,direct,"The vehicle follows the route, maintaining its speed with a steady course.",follow,"The vehicle accelerates normally to follow the route, maintaining a straight course.",accelerate,1,"<loc1022>The vehicle follows the route, maintaining its speed with a steady course.;<loc1021>"
582,6,431,440,41,13,BAD,direct,The vehicle steadily decelerates to a stop while maintaining a straight course.,decelerate,"The vehicle accelerates normally to follow the route, maintaining a straight course.",accelerate,1,<loc1022>The vehicle steadily decelerates to a stop while maintaining a straight course.;<loc1021>
583,6,441,450,41,14,BAD,direct,"The vehicle remains stopped, steadily maintaining its position.",stop,"The vehicle accelerates normally to follow the route, maintaining a straight course.",accelerate,1,"<loc1022>The vehicle remains stopped, steadily maintaining its position.;<loc1021>"
584,6,451,460,42,0,BAD,precursor,"The vehicle remains stopped, steadily maintaining its position.",stop,"The vehicle accelerates smoothly to follow the route, maintaining a straight course.",accelerate,1,"<loc1022>The vehicle remains stopped, steadily maintaining its position.;<loc1021>"
585,6,461,470,42,1,BAD,direct,"The vehicle remains stopped, maintaining a steady course.",stop,"The vehicle accelerates normally to follow the route, maintaining a steady speed.",accelerate,1,"<loc1022>The vehicle remains stopped, maintaining a steady course.;<loc1021>"
586,6,471,480,42,2,BAD,direct,"The vehicle remains stopped, maintaining a steady course.",stop,"The vehicle accelerates normally to follow the route, maintaining a steady speed.",accelerate,1,"<loc1022>The vehicle remains stopped, maintaining a steady course.;<loc1021>"
587,6,481,490,42,3,,,"The vehicle normally follows the route, maintaining its speed with a steady course.",follow,,,0,"<loc1022>The vehicle normally follows the route, maintaining its speed with a steady course.;<loc1021>"
588,6,491,500,42,4,,,"The vehicle follows the route, maintaining a steady speed with smooth control inputs.",follow,,,0,"<loc1022>The vehicle follows the route, maintaining a steady speed with smooth control inputs.;<loc1021>"
589,6,501,510,42,5,,,"The vehicle normally follows the route, maintaining its speed with a steady course.",follow,,,0,"<loc1022>The vehicle normally follows the route, maintaining its speed with a steady course.;<loc1021>"
590,6,511,520,42,6,,,"The vehicle remains stopped, maintaining a steady course.",stop,,,0,"<loc1022>The vehicle remains stopped, maintaining a steady course.;<loc1021>"
591,6,521,530,42,7,,,"The vehicle remains stopped, maintaining a steady course.",stop,,,0,"<loc1022>The vehicle remains stopped, maintaining a steady course.;<loc1021>"
592,6,531,540,42,8,GOOD,,"The vehicle normally follows the route, maintaining a steady speed with smooth control inputs.",follow,"The vehicle accelerates smoothly to follow the route, maintaining a straight course.",accelerate,1,"<loc1022>The vehicle normally follows the route, maintaining a steady speed with smooth control inputs.;<loc1021>"
593,6,541,550,42,9,,,"The vehicle normally follows the route, maintaining a steady speed with smooth control inputs.",follow,,,0,"<loc1022>The vehicle normally follows the route, maintaining a steady speed with smooth control inputs.;<loc1021>"
594,6,551,560,42,10,BAD,precursor,"The vehicle normally follows the route, maintaining a steady speed with smooth control inputs.",follow,"The vehicle normally follows the route, maintaining its speed with steady lane keeping.",follow,1,"<loc1022>The vehicle normally follows the route, maintaining a steady speed with smooth control inputs.;<loc1021>"
595,6,561,570,42,11,BAD,direct,"The vehicle normally follows the route, maintaining a steady speed with smooth control inputs.",follow,"The vehicle normally follows the route, maintaining its speed with steady lane keeping.",follow,1,"<loc1022>The vehicle normally follows the route, maintaining a steady speed with smooth control inputs.;<loc1021>"
596,6,571,580,42,12,,,"The vehicle normally follows the route, maintaining a steady speed with smooth control inputs.",follow,,,0,"<loc1022>The vehicle normally follows the route, maintaining a steady speed with smooth control inputs.;<loc1021>"
597,6,581,590,42,13,GOOD,,The vehicle steadily decelerates to a stop while maintaining a straight course.,decelerate,The vehicle recovers speed and continues driving smoothly along the designated route.,accelerate,1,<loc1022>The vehicle steadily decelerates to a stop while maintaining a straight course.;<loc1021>
598,6,591,600,42,14,GOOD,,The vehicle decelerates smoothly to a stop while maintaining a steady course.,decelerate,"The vehicle normally follows the route, maintaining a steady speed and course.",follow,1,<loc1022>The vehicle decelerates smoothly to a stop while maintaining a steady course.;<loc1021>
599,6,601,610,43,0,,,"The vehicle normally follows the route, maintaining a steady speed with smooth control inputs.",follow,,,0,"<loc1022>The vehicle normally follows the route, maintaining a steady speed with smooth control inputs.;<loc1021>"
600,6,611,620,43,1,,,The vehicle steadily decelerates to a stop while maintaining a straight course.,decelerate,,,0,<loc1022>The vehicle steadily decelerates to a stop while maintaining a straight course.;<loc1021>
601,6,621,630,43,2,GOOD,,"The vehicle smoothly follows the route, gradually reducing speed with steady lane keeping.",follow,The vehicle steadily decelerates to a stop while maintaining a straight course.,decelerate,1,"<loc1022>The vehicle smoothly follows the route, gradually reducing speed with steady lane keeping.;<loc1021>"
602,6,631,640,43,3,GOOD,,"The vehicle remains stopped, steadily maintaining its position.",stop,The vehicle steadily decelerates to a stop while maintaining a straight course.,decelerate,1,"<loc1022>The vehicle remains stopped, steadily maintaining its position.;<loc1021>"
603,6,641,650,43,4,,,"The vehicle normally follows the route, accelerating to target speed and maintaining it.",follow,,,0,"<loc1022>The vehicle normally follows the route, accelerating to target speed and maintaining it.;<loc1021>"
604,6,651,660,43,5,,,The vehicle steadily decelerates to a stop while maintaining a straight course.,decelerate,,,0,<loc1022>The vehicle steadily decelerates to a stop while maintaining a straight course.;<loc1021>
605,6,661,670,43,6,,,The vehicle steadily decelerates to a stop while maintaining a straight course.,decelerate,,,0,<loc1022>The vehicle steadily decelerates to a stop while maintaining a straight course.;<loc1021>
606,6,671,680,43,7,GOOD,,The vehicle steadily decelerates to a stop while maintaining a straight course.,decelerate,"The vehicle remains stopped, steadily maintaining its position.",stop,1,<loc1022>The vehicle steadily decelerates to a stop while maintaining a straight course.;<loc1021>
607,6,681,690,43,8,,,"The vehicle remains stopped, steadily maintaining its position.",stop,,,0,"<loc1022>The vehicle remains stopped, steadily maintaining its position.;<loc1021>"
608,6,691,700,43,9,,,"The vehicle remains stopped, steadily maintaining its position.",stop,,,0,"<loc1022>The vehicle remains stopped, steadily maintaining its position.;<loc1021>"
609,6,701,710,43,10,BAD,precursor,"The vehicle remains stopped, steadily maintaining its position.",stop,"The vehicle remains stopped, steadily maintaining its position.",stop,1,"<loc1022>The vehicle remains stopped, steadily maintaining its position.;<loc1021>"
610,6,711,720,43,11,BAD,direct,"The vehicle remains stopped, maintaining its position.",stop,"The vehicle remains stopped, steadily maintaining its position.",stop,1,"<loc1022>The vehicle remains stopped, maintaining its position.;<loc1021>"
611,6,721,730,43,12,BAD,direct,"The vehicle remains stopped, steadily maintaining its position.",stop,"The vehicle remains stopped, steadily maintaining its position.",stop,1,"<loc1022>The vehicle remains stopped, steadily maintaining its position.;<loc1021>"
612,6,731,740,43,13,BAD,direct,"The vehicle continues to accelerate smoothly, maintaining a steady course.",accelerate,"The vehicle remains stopped, steadily maintaining its position.",stop,1,"<loc1022>The vehicle continues to accelerate smoothly, maintaining a steady course.;<loc1021>"
613,6,741,750,43,14,BAD,direct,"The vehicle normally follows the route, maintaining its speed with a steady course.",follow,"The vehicle remains stopped, steadily maintaining its position.",stop,1,"<loc1022>The vehicle normally follows the route, maintaining its speed with a steady course.;<loc1021>"
614,6,751,760,44,0,GOOD,,"The vehicle remains stopped, steadily maintaining its position.",stop,The vehicle steadily decelerates to a stop while maintaining a straight course.,decelerate,1,"<loc1022>The vehicle remains stopped, steadily maintaining its position.;<loc1021>"
615,6,761,770,44,1,BAD,precursor,"The vehicle remains stopped, steadily maintaining its position.",stop,"The vehicle remains stopped normally, steadily maintaining its position.",stop,1,"<loc1022>The vehicle remains stopped, steadily maintaining its position.;<loc1021>"
616,6,771,780,44,2,BAD,precursor,"The vehicle remains stopped, steadily maintaining its position.",stop,"The vehicle remains stopped normally, steadily maintaining its position.",stop,1,"<loc1022>The vehicle remains stopped, steadily maintaining its position.;<loc1021>"
617,6,781,790,44,3,BAD,precursor,"The vehicle remains stopped, maintaining its position.",stop,"The vehicle remains stopped normally, steadily maintaining its position.",stop,1,"<loc1022>The vehicle remains stopped, maintaining its position.;<loc1021>"
618,6,791,800,44,4,BAD,precursor,"The vehicle remains stopped, maintaining its position.",stop,"The vehicle remains stopped normally, steadily maintaining its position.",stop,1,"<loc1022>The vehicle remains stopped, maintaining its position.;<loc1021>"
619,6,801,810,44,5,BAD,precursor,"The vehicle remains stopped, steadily maintaining its position.",stop,"The vehicle remains stopped normally, steadily maintaining its position.",stop,1,"<loc1022>The vehicle remains stopped, steadily maintaining its position.;<loc1021>"
620,6,811,820,44,6,BAD,precursor,"The vehicle remains stopped, steadily maintaining its position.",stop,"The vehicle remains stopped normally, steadily maintaining its position.",stop,1,"<loc1022>The vehicle remains stopped, steadily maintaining its position.;<loc1021>"
621,6,821,830,44,7,BAD,precursor,"The vehicle remains stopped, steadily maintaining its position.",stop,"The vehicle remains stopped normally, steadily maintaining its position.",stop,1,"<loc1022>The vehicle remains stopped, steadily maintaining its position.;<loc1021>"
622,6,831,840,44,8,BAD,direct,"The vehicle remains stopped, steadily maintaining its position.",stop,"The vehicle remains stopped normally, steadily maintaining its position.",stop,1,"<loc1022>The vehicle remains stopped, steadily maintaining its position.;<loc1021>"
623,6,841,850,44,9,BAD,direct,"The vehicle remains stopped, maintaining its position.",stop,"The vehicle remains stopped normally, steadily maintaining its position.",stop,1,"<loc1022>The vehicle remains stopped, maintaining its position.;<loc1021>"
624,6,851,860,44,10,BAD,direct,"The vehicle remains stopped, steadily maintaining its position.",stop,"The vehicle remains stopped normally, steadily maintaining its position.",stop,1,"<loc1022>The vehicle remains stopped, steadily maintaining its position.;<loc1021>"
625,6,861,870,44,11,BAD,direct,"The vehicle remains stopped, steadily maintaining its position.",stop,"The vehicle remains stopped normally, steadily maintaining its position.",stop,1,"<loc1022>The vehicle remains stopped, steadily maintaining its position.;<loc1021>"
626,6,871,880,44,12,BAD,direct,"The vehicle remains stopped, steadily maintaining its position.",stop,"The vehicle remains stopped normally, steadily maintaining its position.",stop,1,"<loc1022>The vehicle remains stopped, steadily maintaining its position.;<loc1021>"
627,6,881,890,44,13,BAD,direct,"The vehicle remains stopped, steadily maintaining its position.",stop,"The vehicle remains stopped normally, steadily maintaining its position.",stop,1,"<loc1022>The vehicle remains stopped, steadily maintaining its position.;<loc1021>"
628,6,891,900,44,14,BAD,direct,"The vehicle remains stopped, steadily maintaining its position.",stop,"The vehicle remains stopped normally, steadily maintaining its position.",stop,1,"<loc1022>The vehicle remains stopped, steadily maintaining its position.;<loc1021>"
629,6,901,910,45,0,BAD,direct,"The vehicle remains stopped, steadily maintaining its position.",stop,"The vehicle remains stopped, steadily maintaining its position.",stop,1,"<loc1022>The vehicle remains stopped, steadily maintaining its position.;<loc1021>"
630,6,911,920,45,1,BAD,direct,"The vehicle remains stopped, steadily maintaining its position.",stop,"The vehicle remains stopped, steadily maintaining its position.",stop,1,"<loc1022>The vehicle remains stopped, steadily maintaining its position.;<loc1021>"
631,6,921,930,45,2,BAD,direct,"The vehicle remains stopped, steadily maintaining its position.",stop,"The vehicle remains stopped, steadily maintaining its position.",stop,1,"<loc1022>The vehicle remains stopped, steadily maintaining its position.;<loc1021>"
632,6,931,940,45,3,BAD,direct,"The vehicle remains stopped, steadily maintaining its position.",stop,"The vehicle remains stopped, steadily maintaining its position.",stop,1,"<loc1022>The vehicle remains stopped, steadily maintaining its position.;<loc1021>"
633,6,941,950,45,4,BAD,direct,"The vehicle remains stopped, steadily maintaining its position.",stop,"The vehicle remains stopped, steadily maintaining its position.",stop,1,"<loc1022>The vehicle remains stopped, steadily maintaining its position.;<loc1021>"
634,6,951,960,45,5,BAD,direct,"The vehicle remains stopped, steadily maintaining its position.",stop,"The vehicle remains stopped, steadily maintaining its position.",stop,1,"<loc1022>The vehicle remains stopped, steadily maintaining its position.;<loc1021>"
635,6,961,970,45,6,BAD,direct,"The vehicle remains stopped, steadily maintaining its position.",stop,"The vehicle remains stopped, steadily maintaining its position.",stop,1,"<loc1022>The vehicle remains stopped, steadily maintaining its position.;<loc1021>"
636,6,971,980,45,7,BAD,direct,"The vehicle remains stopped, steadily maintaining its position.",stop,"The vehicle remains stopped, steadily maintaining its position.",stop,1,"<loc1022>The vehicle remains stopped, steadily maintaining its position.;<loc1021>"
637,6,981,990,45,8,BAD,direct,"The vehicle remains stopped, steadily maintaining its position.",stop,"The vehicle remains stopped, steadily maintaining its position.",stop,1,"<loc1022>The vehicle remains stopped, steadily maintaining its position.;<loc1021>"
638,6,991,1000,45,9,BAD,direct,"The vehicle normally follows the route, accelerating and maintaining its speed.",follow,"The vehicle remains stopped, steadily maintaining its position.",stop,1,"<loc1022>The vehicle normally follows the route, accelerating and maintaining its speed.;<loc1021>"
639,6,1001,1010,45,10,BAD,direct,"The vehicle remains stopped, steadily maintaining its position.",stop,"The vehicle remains stopped, steadily maintaining its position.",stop,1,"<loc1022>The vehicle remains stopped, steadily maintaining its position.;<loc1021>"
640,6,1011,1020,45,11,BAD,direct,"The vehicle remains stopped, steadily maintaining its position.",stop,"The vehicle remains stopped, steadily maintaining its position.",stop,1,"<loc1022>The vehicle remains stopped, steadily maintaining its position.;<loc1021>"
641,6,1021,1030,45,12,BAD,direct,"The vehicle remains stopped, steadily maintaining its position.",stop,"The vehicle remains stopped, steadily maintaining its position.",stop,1,"<loc1022>The vehicle remains stopped, steadily maintaining its position.;<loc1021>"
642,6,1031,1040,45,13,BAD,direct,"The vehicle remains stopped, steadily maintaining its position.",stop,"The vehicle remains stopped, steadily maintaining its position.",stop,1,"<loc1022>The vehicle remains stopped, steadily maintaining its position.;<loc1021>"
643,6,1041,1050,45,14,BAD,direct,"The vehicle remains stopped, steadily maintaining its position.",stop,"The vehicle remains stopped, steadily maintaining its position.",stop,1,"<loc1022>The vehicle remains stopped, steadily maintaining its position.;<loc1021>"
644,6,1051,1060,46,0,GOOD,,"The vehicle remains stopped, steadily maintaining its position.",stop,"The vehicle remains stopped, steadily maintaining its position.",stop,1,"<loc1022>The vehicle remains stopped, steadily maintaining its position.;<loc1021>"
645,6,1061,1070,46,1,BAD,precursor,"The vehicle remains stopped, steadily maintaining its position.",stop,"The vehicle remains stopped, steadily maintaining its position.",stop,1,"<loc1022>The vehicle remains stopped, steadily maintaining its position.;<loc1021>"
646,6,1071,1080,46,2,BAD,precursor,"The vehicle remains stopped, steadily maintaining its position.",stop,"The vehicle remains stopped, steadily maintaining its position.",stop,1,"<loc1022>The vehicle remains stopped, steadily maintaining its position.;<loc1021>"
647,6,1081,1090,46,3,BAD,precursor,"The vehicle remains stopped, steadily maintaining its position.",stop,"The vehicle remains stopped, steadily maintaining its position.",stop,1,"<loc1022>The vehicle remains stopped, steadily maintaining its position.;<loc1021>"
648,6,1091,1100,46,4,BAD,precursor,"The vehicle remains stopped, steadily maintaining its position.",stop,"The vehicle remains stopped, steadily maintaining its position.",stop,1,"<loc1022>The vehicle remains stopped, steadily maintaining its position.;<loc1021>"
649,6,1101,1110,46,5,BAD,precursor,"The vehicle remains stopped, steadily maintaining its position.",stop,"The vehicle remains stopped, steadily maintaining its position.",stop,1,"<loc1022>The vehicle remains stopped, steadily maintaining its position.;<loc1021>"
650,6,1111,1120,46,6,BAD,precursor,"The vehicle remains stopped, steadily maintaining its position.",stop,"The vehicle remains stopped, steadily maintaining its position.",stop,1,"<loc1022>The vehicle remains stopped, steadily maintaining its position.;<loc1021>"
651,6,1121,1130,46,7,BAD,precursor,"The vehicle remains stopped, steadily maintaining its position.",stop,"The vehicle remains stopped, steadily maintaining its position.",stop,1,"<loc1022>The vehicle remains stopped, steadily maintaining its position.;<loc1021>"
652,6,1131,1140,46,8,BAD,direct,"The vehicle remains stopped, steadily maintaining its position.",stop,"The vehicle remains stopped, steadily maintaining its position.",stop,1,"<loc1022>The vehicle remains stopped, steadily maintaining its position.;<loc1021>"
653,6,1141,1150,46,9,BAD,direct,"The vehicle remains stopped, steadily maintaining its position.",stop,"The vehicle remains stopped, steadily maintaining its position.",stop,1,"<loc1022>The vehicle remains stopped, steadily maintaining its position.;<loc1021>"
654,6,1151,1160,46,10,BAD,direct,"The vehicle remains stopped, maintaining its position.",stop,"The vehicle remains stopped, steadily maintaining its position.",stop,1,"<loc1022>The vehicle remains stopped, maintaining its position.;<loc1021>"
655,6,1161,1170,46,11,BAD,direct,"The vehicle remains stopped, steadily maintaining its position.",stop,"The vehicle remains stopped, steadily maintaining its position.",stop,1,"<loc1022>The vehicle remains stopped, steadily maintaining its position.;<loc1021>"
656,6,1171,1180,46,12,BAD,direct,"The vehicle remains stopped, steadily maintaining its position.",stop,"The vehicle remains stopped, steadily maintaining its position.",stop,1,"<loc1022>The vehicle remains stopped, steadily maintaining its position.;<loc1021>"
657,6,1181,1190,46,13,BAD,direct,"The vehicle remains stopped, steadily maintaining its position.",stop,"The vehicle remains stopped, steadily maintaining its position.",stop,1,"<loc1022>The vehicle remains stopped, steadily maintaining its position.;<loc1021>"
658,6,1191,1200,46,14,BAD,direct,"The vehicle remains stopped, steadily maintaining its position.",stop,"The vehicle remains stopped, steadily maintaining its position.",stop,1,"<loc1022>The vehicle remains stopped, steadily maintaining its position.;<loc1021>"
659,6,1201,1210,47,0,GOOD,,"The vehicle remains stopped, steadily maintaining its position.",stop,The vehicle steadily decelerates to a stop while maintaining a straight course.,decelerate,1,"<loc1022>The vehicle remains stopped, steadily maintaining its position.;<loc1021>"
660,6,1211,1220,47,1,GOOD,,"The vehicle remains stopped, steadily maintaining its position.",stop,The vehicle remains stopped normally.,stop,1,"<loc1022>The vehicle remains stopped, steadily maintaining its position.;<loc1021>"
661,6,1221,1230,47,2,,,"The vehicle remains stopped, steadily maintaining its position.",stop,,,0,"<loc1022>The vehicle remains stopped, steadily maintaining its position.;<loc1021>"
662,6,1231,1240,47,3,,,"The vehicle remains stopped, steadily maintaining its position.",stop,,,0,"<loc1022>The vehicle remains stopped, steadily maintaining its position.;<loc1021>"
663,6,1241,1250,47,4,,,"The vehicle remains stopped, steadily maintaining its position.",stop,,,0,"<loc1022>The vehicle remains stopped, steadily maintaining its position.;<loc1021>"
664,6,1251,1260,47,5,,,"The vehicle remains stopped, steadily maintaining its position.",stop,,,0,"<loc1022>The vehicle remains stopped, steadily maintaining its position.;<loc1021>"
665,6,1261,1270,47,6,,,"The vehicle remains stopped, steadily maintaining its position.",stop,,,0,"<loc1022>The vehicle remains stopped, steadily maintaining its position.;<loc1021>"
666,6,1271,1280,47,7,BAD,precursor,"The vehicle remains stopped, steadily maintaining its position.",stop,The vehicle remains stopped normally.,stop,1,"<loc1022>The vehicle remains stopped, steadily maintaining its position.;<loc1021>"
667,6,1281,1290,47,8,BAD,direct,"The vehicle remains stopped, steadily maintaining its position.",stop,The vehicle remains stopped normally.,stop,1,"<loc1022>The vehicle remains stopped, steadily maintaining its position.;<loc1021>"
668,6,1291,1300,47,9,BAD,direct,"The vehicle remains stopped, steadily maintaining its position.",stop,The vehicle remains stopped normally.,stop,1,"<loc1022>The vehicle remains stopped, steadily maintaining its position.;<loc1021>"
669,6,1301,1310,47,10,BAD,direct,"The vehicle remains stopped, steadily maintaining its position.",stop,The vehicle remains stopped normally.,stop,1,"<loc1022>The vehicle remains stopped, steadily maintaining its position.;<loc1021>"
670,6,1311,1320,47,11,BAD,direct,"The vehicle remains stopped, steadily maintaining its position.",stop,The vehicle remains stopped normally.,stop,1,"<loc1022>The vehicle remains stopped, steadily maintaining its position.;<loc1021>"
671,6,1321,1330,47,12,BAD,direct,"The vehicle remains stopped, steadily maintaining its position.",stop,The vehicle remains stopped normally.,stop,1,"<loc1022>The vehicle remains stopped, steadily maintaining its position.;<loc1021>"
672,6,1331,1340,47,13,BAD,direct,"The vehicle remains stopped, steadily maintaining its position.",stop,The vehicle remains stopped normally.,stop,1,"<loc1022>The vehicle remains stopped, steadily maintaining its position.;<loc1021>"
673,6,1341,1350,47,14,BAD,direct,"The vehicle remains stopped, maintaining a steady course.",stop,The vehicle remains stopped normally.,stop,1,"<loc1022>The vehicle remains stopped, maintaining a steady course.;<loc1021>"
674,6,1351,1360,48,0,GOOD,,"The vehicle remains stopped, steadily maintaining its position.",stop,The vehicle steadily decelerates to a stop while maintaining a straight course.,decelerate,1,"<loc1022>The vehicle remains stopped, steadily maintaining its position.;<loc1021>"
675,6,1361,1370,48,1,GOOD,,"The vehicle remains stopped normally, steadily maintaining its position.",stop,The vehicle steadily decelerates to a stop while maintaining a straight course.,decelerate,1,"<loc1022>The vehicle remains stopped normally, steadily maintaining its position.;<loc1021>"
676,6,1371,1380,48,2,GOOD,,"The vehicle remains stopped, steadily maintaining its position.",stop,"The vehicle remains stopped normally, maintaining its position.",stop,1,"<loc1022>The vehicle remains stopped, steadily maintaining its position.;<loc1021>"
677,6,1381,1390,48,3,GOOD,,"The vehicle remains stopped, steadily maintaining its position.",stop,"The vehicle remains stopped normally, maintaining its position.",stop,1,"<loc1022>The vehicle remains stopped, steadily maintaining its position.;<loc1021>"
678,6,1391,1400,48,4,GOOD,,"The vehicle remains stopped, steadily maintaining its position.",stop,"The vehicle remains stopped normally, maintaining its position.",stop,1,"<loc1022>The vehicle remains stopped, steadily maintaining its position.;<loc1021>"
679,6,1401,1410,48,5,GOOD,,"The vehicle remains stopped, maintaining a steady course.",stop,"The vehicle remains stopped normally, maintaining its position.",stop,1,"<loc1022>The vehicle remains stopped, maintaining a steady course.;<loc1021>"
680,6,1411,1420,48,6,GOOD,,"The vehicle remains stopped, steadily maintaining its position.",stop,"The vehicle remains stopped normally, maintaining its position.",stop,1,"<loc1022>The vehicle remains stopped, steadily maintaining its position.;<loc1021>"
681,6,1421,1430,48,7,GOOD,,"The vehicle remains stopped, steadily maintaining its position.",stop,"The vehicle remains stopped normally, maintaining its position.",stop,1,"<loc1022>The vehicle remains stopped, steadily maintaining its position.;<loc1021>"
682,6,1431,1440,48,8,GOOD,,"The vehicle remains stopped, maintaining a steady course.",stop,"The vehicle remains stopped normally, maintaining its position.",stop,1,"<loc1022>The vehicle remains stopped, maintaining a steady course.;<loc1021>"
683,6,1441,1450,48,9,GOOD,,"The vehicle remains stopped, maintaining a steady course.",stop,"The vehicle remains stopped normally, maintaining its position.",stop,1,"<loc1022>The vehicle remains stopped, maintaining a steady course.;<loc1021>"
684,6,1451,1460,48,10,GOOD,,"The vehicle remains stopped, steadily maintaining its position.",stop,"The vehicle remains stopped normally, maintaining its position.",stop,1,"<loc1022>The vehicle remains stopped, steadily maintaining its position.;<loc1021>"
685,6,1461,1470,48,11,GOOD,,"The vehicle remains stopped normally, steadily maintaining its position.",stop,"The vehicle remains stopped normally, maintaining its position.",stop,1,"<loc1022>The vehicle remains stopped normally, steadily maintaining its position.;<loc1021>"
686,6,1471,1480,48,12,GOOD,,"The vehicle remains stopped, steadily maintaining its position.",stop,"The vehicle remains stopped normally, maintaining its position.",stop,1,"<loc1022>The vehicle remains stopped, steadily maintaining its position.;<loc1021>"
687,6,1481,1490,48,13,GOOD,,"The vehicle remains stopped, steadily maintaining its position.",stop,"The vehicle remains stopped normally, maintaining its position.",stop,1,"<loc1022>The vehicle remains stopped, steadily maintaining its position.;<loc1021>"
688,6,1491,1500,48,14,GOOD,,"The vehicle remains stopped, steadily maintaining its position.",stop,"The vehicle remains stopped normally, maintaining its position.",stop,1,"<loc1022>The vehicle remains stopped, steadily maintaining its position.;<loc1021>"
689,6,1501,1510,49,0,,,"The vehicle remains stopped, steadily maintaining its position.",stop,"The vehicle remains stopped normally, maintaining its position.",stop,1,"<loc1022>The vehicle remains stopped, steadily maintaining its position.;<loc1021>"
690,6,1511,1520,49,1,,,"The vehicle remains stopped, steadily maintaining its position.",stop,"The vehicle remains stopped normally, maintaining its position.",stop,1,"<loc1022>The vehicle remains stopped, steadily maintaining its position.;<loc1021>"
691,6,1521,1530,49,2,,,"The vehicle remains stopped, steadily maintaining its position.",stop,"The vehicle remains stopped normally, maintaining its position.",stop,1,"<loc1022>The vehicle remains stopped, steadily maintaining its position.;<loc1021>"
692,6,1531,1540,49,3,,,"The vehicle remains stopped, steadily maintaining its position.",stop,"The vehicle remains stopped normally, maintaining its position.",stop,1,"<loc1022>The vehicle remains stopped, steadily maintaining its position.;<loc1021>"
693,6,1541,1550,49,4,,,"The vehicle remains stopped, steadily maintaining its position.",stop,"The vehicle remains stopped normally, maintaining its position.",stop,1,"<loc1022>The vehicle remains stopped, steadily maintaining its position.;<loc1021>"
694,6,1551,1560,49,5,GOOD,,"The vehicle remains stopped, steadily maintaining its position.",stop,"The vehicle remains stopped normally, maintaining its position.",stop,1,"<loc1022>The vehicle remains stopped, steadily maintaining its position.;<loc1021>"
695,6,1561,1570,49,6,BAD,precursor,"The vehicle remains stopped, steadily maintaining its position.",stop,"The vehicle remains stopped, steadily maintaining its position.",stop,1,"<loc1022>The vehicle remains stopped, steadily maintaining its position.;<loc1021>"
696,6,1571,1580,49,7,BAD,direct,"The vehicle remains stopped, steadily maintaining its position.",stop,"The vehicle remains stopped, steadily maintaining its position.",stop,1,"<loc1022>The vehicle remains stopped, steadily maintaining its position.;<loc1021>"
697,6,1581,1590,49,8,BAD,direct,"The vehicle remains stopped, steadily maintaining its position.",stop,"The vehicle remains stopped, steadily maintaining its position.",stop,1,"<loc1022>The vehicle remains stopped, steadily maintaining its position.;<loc1021>"
698,6,1591,1600,49,9,BAD,direct,"The vehicle remains stopped, steadily maintaining its position.",stop,"The vehicle remains stopped, steadily maintaining its position.",stop,1,"<loc1022>The vehicle remains stopped, steadily maintaining its position.;<loc1021>"
699,6,1601,1610,49,10,BAD,direct,"The vehicle remains stopped, steadily maintaining its position.",stop,"The vehicle remains stopped, steadily maintaining its position.",stop,1,"<loc1022>The vehicle remains stopped, steadily maintaining its position.;<loc1021>"
700,6,1611,1620,49,11,BAD,direct,"The vehicle remains stopped, steadily maintaining its position.",stop,"The vehicle remains stopped, steadily maintaining its position.",stop,1,"<loc1022>The vehicle remains stopped, steadily maintaining its position.;<loc1021>"
701,6,1621,1630,49,12,BAD,direct,"The vehicle remains stopped, steadily maintaining its position.",stop,"The vehicle remains stopped, steadily maintaining its position.",stop,1,"<loc1022>The vehicle remains stopped, steadily maintaining its position.;<loc1021>"
702,6,1631,1640,49,13,BAD,direct,"The vehicle remains stopped, steadily maintaining its position.",stop,"The vehicle remains stopped, steadily maintaining its position.",stop,1,"<loc1022>The vehicle remains stopped, steadily maintaining its position.;<loc1021>"
703,6,1641,1650,49,14,BAD,direct,"The vehicle remains stopped, steadily maintaining its position.",stop,"The vehicle remains stopped, steadily maintaining its position.",stop,1,"<loc1022>The vehicle remains stopped, steadily maintaining its position.;<loc1021>"
704,6,1651,1660,50,0,GOOD,,"The vehicle remains stopped, steadily maintaining its position.",stop,"The vehicle remains stopped normally, steadily maintaining its position.",stop,1,"<loc1022>The vehicle remains stopped, steadily maintaining its position.;<loc1021>"
705,6,1661,1670,50,1,GOOD,,"The vehicle remains stopped, steadily maintaining its position.",stop,"The vehicle remains stopped normally, steadily maintaining its position.",stop,1,"<loc1022>The vehicle remains stopped, steadily maintaining its position.;<loc1021>"
706,6,1671,1680,50,2,GOOD,,"The vehicle remains stopped, steadily maintaining its position.",stop,"The vehicle remains stopped normally, steadily maintaining its position.",stop,1,"<loc1022>The vehicle remains stopped, steadily maintaining its position.;<loc1021>"
707,6,1681,1690,50,3,,,"The vehicle remains stopped, steadily maintaining its position.",stop,"The vehicle remains stopped normally, steadily maintaining its position.",stop,1,"<loc1022>The vehicle remains stopped, steadily maintaining its position.;<loc1021>"
708,6,1691,1700,50,4,,,"The vehicle remains stopped, steadily maintaining its position.",stop,"The vehicle remains stopped normally, steadily maintaining its position.",stop,1,"<loc1022>The vehicle remains stopped, steadily maintaining its position.;<loc1021>"
709,6,1701,1710,50,5,,,"The vehicle remains stopped, steadily maintaining its position.",stop,"The vehicle remains stopped normally, steadily maintaining its position.",stop,1,"<loc1022>The vehicle remains stopped, steadily maintaining its position.;<loc1021>"
710,6,1711,1720,50,6,,,"The vehicle remains stopped, steadily maintaining its position.",stop,"The vehicle remains stopped normally, steadily maintaining its position.",stop,1,"<loc1022>The vehicle remains stopped, steadily maintaining its position.;<loc1021>"
711,6,1721,1730,50,7,,,"The vehicle remains stopped, steadily maintaining its position.",stop,"The vehicle remains stopped normally, steadily maintaining its position.",stop,1,"<loc1022>The vehicle remains stopped, steadily maintaining its position.;<loc1021>"
712,6,1731,1740,50,8,,,"The vehicle remains stopped, steadily maintaining its position.",stop,"The vehicle remains stopped normally, steadily maintaining its position.",stop,1,"<loc1022>The vehicle remains stopped, steadily maintaining its position.;<loc1021>"
713,6,1741,1750,50,9,,,"The vehicle remains stopped, steadily maintaining its position.",stop,"The vehicle remains stopped normally, steadily maintaining its position.",stop,1,"<loc1022>The vehicle remains stopped, steadily maintaining its position.;<loc1021>"
714,6,1751,1760,50,10,,,"The vehicle remains stopped, steadily maintaining its position.",stop,"The vehicle remains stopped normally, steadily maintaining its position.",stop,1,"<loc1022>The vehicle remains stopped, steadily maintaining its position.;<loc1021>"
715,6,1761,1770,50,11,,,"The vehicle remains stopped, steadily maintaining its position.",stop,"The vehicle remains stopped normally, steadily maintaining its position.",stop,1,"<loc1022>The vehicle remains stopped, steadily maintaining its position.;<loc1021>"
716,6,1771,1780,50,12,,,"The vehicle remains stopped, steadily maintaining its position.",stop,"The vehicle remains stopped normally, steadily maintaining its position.",stop,1,"<loc1022>The vehicle remains stopped, steadily maintaining its position.;<loc1021>"
717,6,1781,1790,50,13,GOOD,,"The vehicle remains stopped, steadily maintaining its position.",stop,"The vehicle accelerates normally to follow the route, maintaining a straight course.",accelerate,1,"<loc1022>The vehicle remains stopped, steadily maintaining its position.;<loc1021>"
718,6,1791,1800,50,14,GOOD,,"The vehicle remains stopped, steadily maintaining its position.",stop,"The vehicle accelerates normally to follow the route, maintaining a straight course.",accelerate,1,"<loc1022>The vehicle remains stopped, steadily maintaining its position.;<loc1021>"
719,6,1801,1810,51,0,,,"The vehicle normally follows the route, accelerating to a steady speed.",follow,,,0,"<loc1022>The vehicle normally follows the route, accelerating to a steady speed.;<loc1021>"
720,6,1811,1820,51,1,,,"The vehicle follows the route, maintaining its speed with a steady course.",follow,,,0,"<loc1022>The vehicle follows the route, maintaining its speed with a steady course.;<loc1021>"
721,6,1821,1830,51,2,GOOD,,The vehicle steadily decelerates to a stop while maintaining a straight course.,decelerate,"The vehicle normally follows the route, maintaining a steady speed and stable course.",follow,1,<loc1022>The vehicle steadily decelerates to a stop while maintaining a straight course.;<loc1021>
722,6,1831,1840,51,3,GOOD,,"The vehicle follows the route, maintaining a straight course while accelerating normally.",follow,"The vehicle normally follows the route, maintaining a steady speed and stable course.",follow,1,"<loc1022>The vehicle follows the route, maintaining a straight course while accelerating normally.;<loc1021>"
723,6,1841,1850,51,4,,,"The vehicle follows the route, maintaining its speed with steady lane keeping.",follow,,,0,"<loc1022>The vehicle follows the route, maintaining its speed with steady lane keeping.;<loc1021>"
724,6,1851,1860,51,5,,,"The vehicle follows the route, maintaining its speed with a steady course.",follow,,,0,"<loc1022>The vehicle follows the route, maintaining its speed with a steady course.;<loc1021>"
725,6,1861,1870,51,6,,,"The vehicle follows the route, maintaining a steady speed and safe driving style.",follow,,,0,"<loc1022>The vehicle follows the route, maintaining a steady speed and safe driving style.;<loc1021>"
726,6,1871,1880,51,7,,,"The vehicle follows the route, maintaining its speed with a steady course.",follow,,,0,"<loc1022>The vehicle follows the route, maintaining its speed with a steady course.;<loc1021>"
727,6,1881,1890,51,8,,,"The vehicle smoothly follows the route, maintaining its speed with a steady course.",follow,,,0,"<loc1022>The vehicle smoothly follows the route, maintaining its speed with a steady course.;<loc1021>"
728,6,1891,1900,51,9,BAD,precursor,The vehicle steadily decelerates to a stop while maintaining a straight course.,decelerate,"The vehicle accelerates steadily to follow the route, maintaining a straight course.",accelerate,1,<loc1022>The vehicle steadily decelerates to a stop while maintaining a straight course.;<loc1021>
729,6,1901,1910,51,10,BAD,precursor,The vehicle steadily decelerates to a stop while maintaining a straight course.,decelerate,"The vehicle normally follows the route, accelerating and maintaining a steady course.",follow,1,<loc1022>The vehicle steadily decelerates to a stop while maintaining a straight course.;<loc1021>
730,6,1911,1920,51,11,BAD,precursor,The vehicle steadily decelerates to a stop while maintaining a straight course.,decelerate,"The vehicle follows the route, maintaining its speed and a stable course.",follow,1,<loc1022>The vehicle steadily decelerates to a stop while maintaining a straight course.;<loc1021>
731,6,1921,1930,51,12,BAD,direct,"The vehicle smoothly follows the route, maintaining its speed and steady lane keeping.",follow,"The vehicle accelerates normally to follow the route, keeping a straight course.",accelerate,1,"<loc1022>The vehicle smoothly follows the route, maintaining its speed and steady lane keeping.;<loc1021>"
732,6,1931,1940,51,13,BAD,direct,"The vehicle normally follows the route, accelerating to a steady speed.",follow,"The vehicle accelerates steadily to follow the route, maintaining a straight course.",accelerate,1,"<loc1022>The vehicle normally follows the route, accelerating to a steady speed.;<loc1021>"
733,6,1941,1950,51,14,BAD,direct,The vehicle steadily decelerates to a stop while maintaining a straight course.,decelerate,"The vehicle accelerates normally to follow the route, maintaining a steady course.",accelerate,1,<loc1022>The vehicle steadily decelerates to a stop while maintaining a straight course.;<loc1021>
734,6,1951,1960,52,0,BAD,precursor,"The vehicle follows the route, maintaining a stable speed with smooth control inputs.",follow,"The vehicle normally follows the route, accelerating smoothly and maintaining a straight course.",follow,1,"<loc1022>The vehicle follows the route, maintaining a stable speed with smooth control inputs.;<loc1021>"
735,6,1961,1970,52,1,BAD,precursor,"The vehicle normally follows the route, accelerating to a steady speed.",follow,"The vehicle normally follows the route, accelerating smoothly and maintaining a straight course.",follow,1,"<loc1022>The vehicle normally follows the route, accelerating to a steady speed.;<loc1021>"
736,6,1971,1980,52,2,BAD,direct,"The vehicle remains stopped normally, steadily maintaining its position.",stop,"The vehicle normally follows the route, accelerating smoothly and maintaining a straight course.",follow,1,"<loc1022>The vehicle remains stopped normally, steadily maintaining its position.;<loc1021>"
737,6,1981,1990,52,3,BAD,direct,"The vehicle accelerates steadily to follow the route, maintaining a straight course.",accelerate,"The vehicle normally follows the route, accelerating smoothly and maintaining a straight course.",follow,1,"<loc1022>The vehicle accelerates steadily to follow the route, maintaining a straight course.;<loc1021>"
738,6,1991,2000,52,4,BAD,direct,"The vehicle remains stopped normally, steadily maintaining its position.",stop,"The vehicle normally follows the route, accelerating smoothly and maintaining a straight course.",follow,1,"<loc1022>The vehicle remains stopped normally, steadily maintaining its position.;<loc1021>"
739,6,2001,2010,52,5,,,"The vehicle accelerates steadily to follow the route, maintaining a straight course.",accelerate,"The vehicle normally follows the route, accelerating smoothly and maintaining a straight course.",follow,1,"<loc1022>The vehicle accelerates steadily to follow the route, maintaining a straight course.;<loc1021>"
740,6,2011,2020,52,6,,,"The vehicle accelerates steadily to follow the route, maintaining a straight course.",accelerate,"The vehicle normally follows the route, accelerating smoothly and maintaining a straight course.",follow,1,"<loc1022>The vehicle accelerates steadily to follow the route, maintaining a straight course.;<loc1021>"
741,6,2021,2030,52,7,,,"The vehicle remains stopped normally, steadily maintaining its position.",stop,"The vehicle smoothly follows the route, accelerating normally and maintaining proper lane alignment.",follow,1,"<loc1022>The vehicle remains stopped normally, steadily maintaining its position.;<loc1021>"
742,6,2031,2040,52,8,GOOD,,"The vehicle normally follows the route, maintaining a stable speed with smooth control inputs.",follow,"The vehicle smoothly follows the route, accelerating normally and maintaining proper lane alignment.",follow,1,"<loc1022>The vehicle normally follows the route, maintaining a stable speed with smooth control inputs.;<loc1021>"
743,6,2041,2050,52,9,GOOD,,"The vehicle normally follows the route, maintaining a stable speed with smooth control inputs.",follow,"The vehicle smoothly follows the route, accelerating normally and maintaining proper lane alignment.",follow,1,"<loc1022>The vehicle normally follows the route, maintaining a stable speed with smooth control inputs.;<loc1021>"
744,6,2051,2060,52,10,GOOD,,"The vehicle smoothly follows the route, gradually reducing speed with steady lane keeping.",follow,"The vehicle smoothly follows the route, accelerating normally and maintaining proper lane alignment.",follow,1,"<loc1022>The vehicle smoothly follows the route, gradually reducing speed with steady lane keeping.;<loc1021>"
745,6,2061,2069,52,11,GOOD,,The vehicle steadily decelerates to a stop while maintaining a straight course.,decelerate,"The vehicle smoothly follows the route, accelerating normally and maintaining proper lane alignment.",follow,1,<loc1022>The vehicle steadily decelerates to a stop while maintaining a straight course.;<loc1021>
746,7,1,10,53,0,,,"The vehicle normally follows the route, accelerating to a steady speed.",follow,,,0,"<loc1022>The vehicle normally follows the route, accelerating to a steady speed.;<loc1021>"
747,7,11,20,53,1,GOOD,,"The vehicle remains stopped, steadily maintaining its position behind the maroon car.",stop,"The vehicle safely accelerates, maintaining a steady course.",accelerate,1,"<loc1022>The vehicle remains stopped, steadily maintaining its position behind the maroon car.;<loc1021>"
748,7,21,30,53,2,GOOD,,"The vehicle accelerates normally to follow the maroon car ahead, maintaining a straight course.",accelerate,"The vehicle follows the route, maintaining a steady speed.",follow,1,"<loc1022>The vehicle accelerates normally to follow the maroon car ahead, maintaining a straight course.;<loc1021>"
749,7,31,40,53,3,BAD,precursor,"The vehicle steadily accelerates to follow the maroon SUV ahead, maintaining a straight course.",accelerate,"The vehicle follows the route, maintaining a steady speed with smooth throttle inputs.",follow,1,"<loc1022>The vehicle steadily accelerates to follow the maroon SUV ahead, maintaining a straight course.;<loc1021>"
750,7,41,50,53,4,BAD,direct,The vehicle accelerates normally to follow the maroon car ahead.,accelerate,"The vehicle smoothly decelerates, maintaining a safe distance with gradual speed adjustments.",decelerate,1,<loc1022>The vehicle accelerates normally to follow the maroon car ahead.;<loc1021>
751,7,51,60,53,5,BAD,direct,The vehicle steadily decelerates to a stop while maintaining a straight course.,decelerate,"The vehicle accelerates smoothly, maintaining a steady speed and course.",accelerate,1,<loc1022>The vehicle steadily decelerates to a stop while maintaining a straight course.;<loc1021>
752,7,61,70,53,6,,,The vehicle decelerates smoothly to a stop while maintaining a straight course.,decelerate,,,0,<loc1022>The vehicle decelerates smoothly to a stop while maintaining a straight course.;<loc1021>
753,7,71,80,53,7,,,"The vehicle follows the route, maintaining a steady speed and safe following distance.",follow,,,0,"<loc1022>The vehicle follows the route, maintaining a steady speed and safe following distance.;<loc1021>"
754,7,81,90,53,8,,,"The vehicle normally follows the route, maintaining its speed and safe following distance.",follow,,,0,"<loc1022>The vehicle normally follows the route, maintaining its speed and safe following distance.;<loc1021>"
755,7,91,100,53,9,GOOD,,"The vehicle follows the route, maintaining its speed and a safe following distance.",follow,The vehicle maintains its lane and stays centered on the route.,maintain,1,"<loc1022>The vehicle follows the route, maintaining its speed and a safe following distance.;<loc1021>"
756,7,101,110,53,10,GOOD,,"The vehicle follows the route, maintaining reduced speed with a steady course.",follow,The vehicle continues to follow the route with steady lane keeping.,follow,1,"<loc1022>The vehicle follows the route, maintaining reduced speed with a steady course.;<loc1021>"
757,7,111,120,53,11,,,"The vehicle maintains its speed and makes a slight adjustment to the left, following the route normally.",maintain,,,0,"<loc1022>The vehicle maintains its speed and makes a slight adjustment to the left, following the route normally.;<loc1021>"
758,7,121,130,53,12,,,"The vehicle follows the route, maintaining a steady speed and safe following distance behind the maroon car.",follow,,,0,"<loc1022>The vehicle follows the route, maintaining a steady speed and safe following distance behind the maroon car.;<loc1021>"
759,7,131,140,53,13,GOOD,,"The vehicle follows the route, maintaining reduced speed and steady lane keeping.",follow,"The vehicle follows the route steadily, maintaining speed.",follow,1,"<loc1022>The vehicle follows the route, maintaining reduced speed and steady lane keeping.;<loc1021>"
760,7,141,150,53,14,GOOD,,"The vehicle follows the route, maintaining reduced speed and steady lane keeping.",follow,"The vehicle continues to follow the route, keeping a steady course.",follow,1,"<loc1022>The vehicle follows the route, maintaining reduced speed and steady lane keeping.;<loc1021>"
761,7,151,160,54,0,,,"The vehicle maintains a steady speed while following the route, staying behind the front car.",maintain,,,0,"<loc1022>The vehicle maintains a steady speed while following the route, staying behind the front car.;<loc1021>"
762,7,161,170,54,1,,,"The vehicle follows the route, maintaining its speed and steady lane keeping.",follow,,,0,"<loc1022>The vehicle follows the route, maintaining its speed and steady lane keeping.;<loc1021>"
763,7,171,180,54,2,,,"The vehicle follows the route, maintaining a steady speed and a safe following distance.",follow,,,0,"<loc1022>The vehicle follows the route, maintaining a steady speed and a safe following distance.;<loc1021>"
764,7,181,190,54,3,BAD,precursor,"The vehicle follows the route, maintaining its speed and a safe following distance.",follow,"The vehicle maintains a steady speed while following the route, staying behind the front car.",maintain,1,"<loc1022>The vehicle follows the route, maintaining its speed and a safe following distance.;<loc1021>"
765,7,191,200,54,4,BAD,direct,"The vehicle accelerates normally to follow the route, maintaining a straight course.",accelerate,"The vehicle smoothly follows the route, maintaining a steady pace behind the leading vehicle.",follow,1,"<loc1022>The vehicle accelerates normally to follow the route, maintaining a straight course.;<loc1021>"
766,7,201,210,54,5,BAD,direct,"The vehicle accelerates normally to follow the route, maintaining a straight course.",accelerate,"The vehicle accelerates steadily to follow the front vehicle, maintaining a straight course.",accelerate,1,"<loc1022>The vehicle accelerates normally to follow the route, maintaining a straight course.;<loc1021>"
767,7,211,220,54,6,,,"The vehicle remains stopped, steadily maintaining its position.",stop,,,0,"<loc1022>The vehicle remains stopped, steadily maintaining its position.;<loc1021>"
768,7,221,230,54,7,,,"The vehicle accelerates steadily to follow the route, maintaining a straight course.",accelerate,,,0,"<loc1022>The vehicle accelerates steadily to follow the route, maintaining a straight course.;<loc1021>"
769,7,231,240,54,8,BAD,precursor,The vehicle steadily decelerates to a stop while maintaining a straight course.,decelerate,"The vehicle accelerates steadily to follow the front vehicle, maintaining a straight course.",accelerate,1,<loc1022>The vehicle steadily decelerates to a stop while maintaining a straight course.;<loc1021>
770,7,241,250,54,9,BAD,precursor,The vehicle steadily decelerates to a stop while maintaining a straight course.,decelerate,"The vehicle maintains a steady speed while following the route, staying behind the front car.",maintain,1,<loc1022>The vehicle steadily decelerates to a stop while maintaining a straight course.;<loc1021>
771,7,251,260,54,10,BAD,direct,The vehicle steadily decelerates to a stop while maintaining a straight course.,decelerate,"The vehicle maintains a steady speed while following the route, staying behind the front car.",maintain,1,<loc1022>The vehicle steadily decelerates to a stop while maintaining a straight course.;<loc1021>
772,7,261,270,54,11,BAD,direct,"The vehicle maintains a steady speed while following the route, staying behind the front car.",maintain,"The vehicle accelerates steadily to follow the front vehicle, maintaining a straight course.",accelerate,1,"<loc1022>The vehicle maintains a steady speed while following the route, staying behind the front car.;<loc1021>"
773,7,271,280,54,12,,,The vehicle steadily decelerates to a stop while maintaining a straight course.,decelerate,,,0,<loc1022>The vehicle steadily decelerates to a stop while maintaining a straight course.;<loc1021>
774,7,281,290,54,13,GOOD,,"The vehicle maintains a steady speed and a safe following distance, following the route.",maintain,"The vehicle accelerates steadily to follow the front vehicle, maintaining a straight course.",accelerate,1,"<loc1022>The vehicle maintains a steady speed and a safe following distance, following the route.;<loc1021>"
775,7,291,300,54,14,GOOD,,"The vehicle accelerates to follow the front car, maintaining a steady course.",accelerate,"The vehicle accelerates steadily to follow the front vehicle, maintaining a straight course.",accelerate,1,"<loc1022>The vehicle accelerates to follow the front car, maintaining a steady course.;<loc1021>"
776,7,301,310,55,0,BAD,precursor,"The vehicle follows the route, maintaining its speed with steady lane keeping.",follow,The vehicle cautiously decelerates and maintains a straight course.,decelerate,1,"<loc1022>The vehicle follows the route, maintaining its speed with steady lane keeping.;<loc1021>"
777,7,311,320,55,1,BAD,precursor,"The vehicle follows the route, maintaining its speed with a steady course.",follow,The vehicle smoothly decelerates to a stop while maintaining a straight course.,decelerate,1,"<loc1022>The vehicle follows the route, maintaining its speed with a steady course.;<loc1021>"
778,7,321,330,55,2,BAD,direct,The vehicle steadily decelerates to a stop while maintaining a straight course.,decelerate,The vehicle steadily decelerates to a stop while maintaining a straight course.,decelerate,1,<loc1022>The vehicle steadily decelerates to a stop while maintaining a straight course.;<loc1021>
779,7,331,340,55,3,,,The vehicle accelerates smoothly and maintains its lane to follow the route.,accelerate,,,0,<loc1022>The vehicle accelerates smoothly and maintains its lane to follow the route.;<loc1021>
780,7,341,350,55,4,,,The vehicle steadily decelerates to a stop while maintaining a straight course.,decelerate,,,0,<loc1022>The vehicle steadily decelerates to a stop while maintaining a straight course.;<loc1021>
781,7,351,360,55,5,GOOD,,The vehicle steadily decelerates to a stop while maintaining a straight course.,decelerate,The vehicle steadily decelerates to a stop while maintaining a straight course.,decelerate,1,<loc1022>The vehicle steadily decelerates to a stop while maintaining a straight course.;<loc1021>
782,7,361,370,55,6,BAD,precursor,"The vehicle remains stopped, steadily maintaining its position.",stop,"The vehicle remains stopped, steadily maintaining its position.",stop,1,"<loc1022>The vehicle remains stopped, steadily maintaining its position.;<loc1021>"
783,7,371,380,55,7,BAD,precursor,"The vehicle remains stopped, steadily maintaining its position.",stop,"The vehicle remains stopped, steadily maintaining its position.",stop,1,"<loc1022>The vehicle remains stopped, steadily maintaining its position.;<loc1021>"
784,7,381,390,55,8,BAD,precursor,"The vehicle remains stopped, steadily maintaining its position.",stop,"The vehicle remains stopped, steadily maintaining its position.",stop,1,"<loc1022>The vehicle remains stopped, steadily maintaining its position.;<loc1021>"
785,7,391,400,55,9,BAD,direct,"The vehicle remains stopped, steadily maintaining its position.",stop,"The vehicle remains stopped, steadily maintaining its position.",stop,1,"<loc1022>The vehicle remains stopped, steadily maintaining its position.;<loc1021>"
786,7,401,410,55,10,BAD,direct,"The vehicle remains stopped, steadily maintaining its position.",stop,"The vehicle remains stopped, steadily maintaining its position.",stop,1,"<loc1022>The vehicle remains stopped, steadily maintaining its position.;<loc1021>"
787,7,411,420,55,11,BAD,direct,"The vehicle remains stopped, steadily maintaining its position.",stop,"The vehicle remains stopped, steadily maintaining its position.",stop,1,"<loc1022>The vehicle remains stopped, steadily maintaining its position.;<loc1021>"
788,7,421,430,55,12,BAD,direct,"The vehicle remains stopped, steadily maintaining its position.",stop,"The vehicle remains stopped, steadily maintaining its position.",stop,1,"<loc1022>The vehicle remains stopped, steadily maintaining its position.;<loc1021>"
789,7,431,440,55,13,BAD,direct,"The vehicle remains stopped, steadily maintaining its position.",stop,"The vehicle remains stopped, steadily maintaining its position.",stop,1,"<loc1022>The vehicle remains stopped, steadily maintaining its position.;<loc1021>"
790,7,441,450,55,14,BAD,direct,"The vehicle remains stopped, steadily maintaining its position.",stop,"The vehicle remains stopped, steadily maintaining its position.",stop,1,"<loc1022>The vehicle remains stopped, steadily maintaining its position.;<loc1021>"
791,7,451,460,56,0,GOOD,,"The vehicle remains stopped, steadily maintaining its position.",stop,"The vehicle remains stopped, steadily maintaining its position.",stop,1,"<loc1022>The vehicle remains stopped, steadily maintaining its position.;<loc1021>"
792,7,461,470,56,1,GOOD,,"The vehicle remains stopped, steadily maintaining its position.",stop,"The vehicle remains stopped, steadily maintaining its position.",stop,1,"<loc1022>The vehicle remains stopped, steadily maintaining its position.;<loc1021>"
793,7,471,480,56,2,GOOD,,"The vehicle remains stopped, steadily maintaining its position.",stop,"The vehicle remains stopped, steadily maintaining its position.",stop,1,"<loc1022>The vehicle remains stopped, steadily maintaining its position.;<loc1021>"
794,7,481,490,56,3,GOOD,,"The vehicle remains stopped, steadily maintaining its position.",stop,"The vehicle remains stopped, steadily maintaining its position.",stop,1,"<loc1022>The vehicle remains stopped, steadily maintaining its position.;<loc1021>"
795,7,491,500,56,4,GOOD,,"The vehicle remains stopped, steadily maintaining its position.",stop,"The vehicle remains stopped, steadily maintaining its position.",stop,1,"<loc1022>The vehicle remains stopped, steadily maintaining its position.;<loc1021>"
796,7,501,510,56,5,GOOD,,"The vehicle remains stopped, steadily maintaining its position.",stop,"The vehicle remains stopped, steadily maintaining its position.",stop,1,"<loc1022>The vehicle remains stopped, steadily maintaining its position.;<loc1021>"
797,7,511,520,56,6,BAD,direct,"The vehicle remains stopped, steadily maintaining its position.",stop,"The vehicle remains stopped, steadily maintaining its position.",stop,1,"<loc1022>The vehicle remains stopped, steadily maintaining its position.;<loc1021>"
798,7,521,530,56,7,BAD,direct,"The vehicle remains stopped, steadily maintaining its position.",stop,"The vehicle remains stopped, steadily maintaining its position.",stop,1,"<loc1022>The vehicle remains stopped, steadily maintaining its position.;<loc1021>"
799,7,531,540,56,8,BAD,direct,"The vehicle remains stopped, steadily maintaining its position.",stop,"The vehicle remains stopped, steadily maintaining its position.",stop,1,"<loc1022>The vehicle remains stopped, steadily maintaining its position.;<loc1021>"
800,7,541,550,56,9,BAD,direct,"The vehicle remains stopped, steadily maintaining its position.",stop,"The vehicle remains stopped, steadily maintaining its position.",stop,1,"<loc1022>The vehicle remains stopped, steadily maintaining its position.;<loc1021>"
801,7,551,560,56,10,BAD,direct,"The vehicle remains stopped, steadily maintaining its position.",stop,"The vehicle remains stopped, steadily maintaining its position.",stop,1,"<loc1022>The vehicle remains stopped, steadily maintaining its position.;<loc1021>"
802,7,561,570,56,11,BAD,direct,"The vehicle remains stopped, steadily maintaining its position.",stop,"The vehicle remains stopped, steadily maintaining its position.",stop,1,"<loc1022>The vehicle remains stopped, steadily maintaining its position.;<loc1021>"
803,7,571,580,56,12,BAD,direct,"The vehicle remains stopped, steadily maintaining its position.",stop,"The vehicle remains stopped, steadily maintaining its position.",stop,1,"<loc1022>The vehicle remains stopped, steadily maintaining its position.;<loc1021>"
804,7,581,590,56,13,BAD,direct,"The vehicle remains stopped, steadily maintaining its position.",stop,"The vehicle remains stopped, steadily maintaining its position.",stop,1,"<loc1022>The vehicle remains stopped, steadily maintaining its position.;<loc1021>"
805,7,591,600,56,14,BAD,direct,"The vehicle remains stopped, steadily maintaining its position.",stop,"The vehicle remains stopped, steadily maintaining its position.",stop,1,"<loc1022>The vehicle remains stopped, steadily maintaining its position.;<loc1021>"
806,7,601,610,57,0,GOOD,,"The vehicle remains stopped, steadily maintaining its position.",stop,"The vehicle remained stopped, steadily maintaining its position.",stop,1,"<loc1022>The vehicle remains stopped, steadily maintaining its position.;<loc1021>"
807,7,611,620,57,1,GOOD,,"The vehicle remains stopped, steadily maintaining its position.",stop,"The vehicle remained stopped, steadily maintaining its position.",stop,1,"<loc1022>The vehicle remains stopped, steadily maintaining its position.;<loc1021>"
808,7,621,630,57,2,GOOD,,"The vehicle remains stopped, steadily maintaining its position.",stop,"The vehicle remained stopped, steadily maintaining its position.",stop,1,"<loc1022>The vehicle remains stopped, steadily maintaining its position.;<loc1021>"
809,7,631,640,57,3,,,"The vehicle remains stopped, steadily maintaining its position.",stop,,,0,"<loc1022>The vehicle remains stopped, steadily maintaining its position.;<loc1021>"
810,7,641,650,57,4,,,"The vehicle remains stopped, steadily maintaining its position.",stop,,,0,"<loc1022>The vehicle remains stopped, steadily maintaining its position.;<loc1021>"
811,7,651,660,57,5,BAD,precursor,"The vehicle remains stopped, steadily maintaining its position.",stop,"The vehicle remained stopped, steadily maintaining its position.",stop,1,"<loc1022>The vehicle remains stopped, steadily maintaining its position.;<loc1021>"
812,7,661,670,57,6,BAD,precursor,"The vehicle remains stopped, steadily maintaining its position.",stop,"The vehicle remained stopped, steadily maintaining its position.",stop,1,"<loc1022>The vehicle remains stopped, steadily maintaining its position.;<loc1021>"
813,7,671,680,57,7,BAD,direct,"The vehicle remains stopped, steadily maintaining its position.",stop,"The vehicle remains stopped normally, maintaining its position.",stop,1,"<loc1022>The vehicle remains stopped, steadily maintaining its position.;<loc1021>"
814,7,681,690,57,8,BAD,direct,"The vehicle remains stopped, steadily maintaining its position.",stop,"The vehicle remains stopped normally, maintaining its position.",stop,1,"<loc1022>The vehicle remains stopped, steadily maintaining its position.;<loc1021>"
815,7,691,700,57,9,BAD,direct,"The vehicle remains stopped, steadily maintaining its position.",stop,"The vehicle remains stopped normally, maintaining its position.",stop,1,"<loc1022>The vehicle remains stopped, steadily maintaining its position.;<loc1021>"
816,7,701,710,57,10,BAD,direct,"The vehicle remains stopped, steadily maintaining its position.",stop,"The vehicle remains stopped normally, maintaining its position.",stop,1,"<loc1022>The vehicle remains stopped, steadily maintaining its position.;<loc1021>"
817,7,711,720,57,11,BAD,direct,"The vehicle remains stopped, steadily maintaining its position.",stop,"The vehicle remains stopped normally, maintaining its position.",stop,1,"<loc1022>The vehicle remains stopped, steadily maintaining its position.;<loc1021>"
818,7,721,730,57,12,GOOD,,"The vehicle remains stopped, steadily maintaining its position.",stop,"The vehicle remained stopped, steadily maintaining its position.",stop,1,"<loc1022>The vehicle remains stopped, steadily maintaining its position.;<loc1021>"
819,7,731,740,57,13,GOOD,,"The vehicle remains stopped, steadily maintaining its position.",stop,"The vehicle remained stopped, steadily maintaining its position.",stop,1,"<loc1022>The vehicle remains stopped, steadily maintaining its position.;<loc1021>"
820,7,741,750,57,14,GOOD,,"The vehicle remains stopped, steadily maintaining its position.",stop,"The vehicle remained stopped, steadily maintaining its position.",stop,1,"<loc1022>The vehicle remains stopped, steadily maintaining its position.;<loc1021>"
821,7,751,760,58,0,GOOD,,"The vehicle remains stopped, steadily maintaining its position.",stop,"The vehicle remains stopped, steadily maintaining its position.",stop,1,"<loc1022>The vehicle remains stopped, steadily maintaining its position.;<loc1021>"
822,7,761,770,58,1,GOOD,,"The vehicle remains stopped, steadily maintaining its position.",stop,"The vehicle remains stopped, steadily maintaining its position.",stop,1,"<loc1022>The vehicle remains stopped, steadily maintaining its position.;<loc1021>"
823,7,771,780,58,2,GOOD,,"The vehicle remains stopped, steadily maintaining its position.",stop,"The vehicle remains stopped, steadily maintaining its position.",stop,1,"<loc1022>The vehicle remains stopped, steadily maintaining its position.;<loc1021>"
824,7,781,790,58,3,GOOD,,"The vehicle remains stopped, steadily maintaining its position.",stop,"The vehicle remains stopped, steadily maintaining its position.",stop,1,"<loc1022>The vehicle remains stopped, steadily maintaining its position.;<loc1021>"
825,7,791,800,58,4,GOOD,,"The vehicle remains stopped, steadily maintaining its position.",stop,"The vehicle remains stopped, steadily maintaining its position.",stop,1,"<loc1022>The vehicle remains stopped, steadily maintaining its position.;<loc1021>"
826,7,801,810,58,5,BAD,precursor,"The vehicle remains stopped, steadily maintaining its position.",stop,"The vehicle remains stopped, steadily maintaining its position.",stop,1,"<loc1022>The vehicle remains stopped, steadily maintaining its position.;<loc1021>"
827,7,811,820,58,6,BAD,direct,"The vehicle remains stopped, steadily maintaining its position.",stop,"The vehicle remains stopped, steadily maintaining its position.",stop,1,"<loc1022>The vehicle remains stopped, steadily maintaining its position.;<loc1021>"
828,7,821,830,58,7,BAD,direct,"The vehicle remains stopped, steadily maintaining its position.",stop,"The vehicle remains stopped, steadily maintaining its position.",stop,1,"<loc1022>The vehicle remains stopped, steadily maintaining its position.;<loc1021>"
829,7,831,840,58,8,BAD,precursor,"The vehicle remains stopped, steadily maintaining its position.",stop,"The vehicle remains stopped, steadily maintaining its position.",stop,1,"<loc1022>The vehicle remains stopped, steadily maintaining its position.;<loc1021>"
830,7,841,850,58,9,BAD,precursor,"The vehicle remains stopped, steadily maintaining its position.",stop,"The vehicle remains stopped, steadily maintaining its position.",stop,1,"<loc1022>The vehicle remains stopped, steadily maintaining its position.;<loc1021>"
831,7,851,860,58,10,BAD,precursor,"The vehicle remains stopped, steadily maintaining its position.",stop,"The vehicle remains stopped, steadily maintaining its position.",stop,1,"<loc1022>The vehicle remains stopped, steadily maintaining its position.;<loc1021>"
832,7,861,870,58,11,BAD,direct,"The vehicle remains stopped, steadily maintaining its position.",stop,"The vehicle remains stopped, steadily maintaining its position.",stop,1,"<loc1022>The vehicle remains stopped, steadily maintaining its position.;<loc1021>"
833,7,871,880,58,12,BAD,direct,"The vehicle remains stopped, steadily maintaining its position.",stop,"The vehicle remains stopped, steadily maintaining its position.",stop,1,"<loc1022>The vehicle remains stopped, steadily maintaining its position.;<loc1021>"
834,7,881,890,58,13,BAD,direct,"The vehicle remains stopped, steadily maintaining its position.",stop,"The vehicle remains stopped, steadily maintaining its position.",stop,1,"<loc1022>The vehicle remains stopped, steadily maintaining its position.;<loc1021>"
835,7,891,900,58,14,BAD,direct,"The vehicle remains stopped, steadily maintaining its position.",stop,"The vehicle remains stopped, steadily maintaining its position.",stop,1,"<loc1022>The vehicle remains stopped, steadily maintaining its position.;<loc1021>"
836,7,901,910,59,0,GOOD,,"The vehicle remains stopped, steadily maintaining its position.",stop,"The vehicle remains stopped, steadily maintaining its position.",stop,1,"<loc1022>The vehicle remains stopped, steadily maintaining its position.;<loc1021>"
837,7,911,920,59,1,,,"The vehicle remains stopped, steadily maintaining its position.",stop,,,0,"<loc1022>The vehicle remains stopped, steadily maintaining its position.;<loc1021>"
838,7,921,930,59,2,,,"The vehicle remains stopped, steadily maintaining its position.",stop,,,0,"<loc1022>The vehicle remains stopped, steadily maintaining its position.;<loc1021>"
839,7,931,940,59,3,,,"The vehicle remains stopped, steadily maintaining its position.",stop,,,0,"<loc1022>The vehicle remains stopped, steadily maintaining its position.;<loc1021>"
840,7,941,950,59,4,,,"The vehicle remains stopped, steadily maintaining its position.",stop,,,0,"<loc1022>The vehicle remains stopped, steadily maintaining its position.;<loc1021>"
841,7,951,960,59,5,,,"The vehicle remains stopped, steadily maintaining its position.",stop,,,0,"<loc1022>The vehicle remains stopped, steadily maintaining its position.;<loc1021>"
842,7,961,970,59,6,,,"The vehicle remains stopped, steadily maintaining its position.",stop,,,0,"<loc1022>The vehicle remains stopped, steadily maintaining its position.;<loc1021>"
843,7,971,980,59,7,BAD,precursor,"The vehicle remains stopped, steadily maintaining its position.",stop,"The vehicle remains stopped, steadily maintaining its position.",stop,1,"<loc1022>The vehicle remains stopped, steadily maintaining its position.;<loc1021>"
844,7,981,990,59,8,BAD,precursor,"The vehicle remains stopped, steadily maintaining its position.",stop,"The vehicle remains stopped, steadily maintaining its position.",stop,1,"<loc1022>The vehicle remains stopped, steadily maintaining its position.;<loc1021>"
845,7,991,1000,59,9,BAD,direct,"The vehicle remains stopped, steadily maintaining its position.",stop,"The vehicle remains stopped, steadily maintaining its position.",stop,1,"<loc1022>The vehicle remains stopped, steadily maintaining its position.;<loc1021>"
846,7,1001,1010,59,10,BAD,direct,The vehicle steadily decelerates to a stop while maintaining a straight course.,decelerate,"The vehicle remains stopped, steadily maintaining its position.",stop,1,<loc1022>The vehicle steadily decelerates to a stop while maintaining a straight course.;<loc1021>
847,7,1011,1020,59,11,GOOD,,"The vehicle remains stopped, steadily maintaining its position.",stop,"The vehicle remains stopped, steadily maintaining its position.",stop,1,"<loc1022>The vehicle remains stopped, steadily maintaining its position.;<loc1021>"
848,7,1021,1030,59,12,,,"The vehicle remains stopped, steadily maintaining its position.",stop,,,0,"<loc1022>The vehicle remains stopped, steadily maintaining its position.;<loc1021>"
849,7,1031,1040,59,13,,,"The vehicle remains stopped, steadily maintaining its position.",stop,,,0,"<loc1022>The vehicle remains stopped, steadily maintaining its position.;<loc1021>"
850,7,1041,1050,59,14,,,"The vehicle remains stopped, steadily maintaining its position.",stop,,,0,"<loc1022>The vehicle remains stopped, steadily maintaining its position.;<loc1021>"
851,7,1051,1060,60,0,GOOD,,"The vehicle remains stopped, steadily maintaining its position.",stop,"The vehicle remains stopped normally, maintaining a steady course.",stop,1,"<loc1022>The vehicle remains stopped, steadily maintaining its position.;<loc1021>"
852,7,1061,1070,60,1,GOOD,,"The vehicle remains stopped, steadily maintaining its position.",stop,"The vehicle remains stopped normally, maintaining a steady course.",stop,1,"<loc1022>The vehicle remains stopped, steadily maintaining its position.;<loc1021>"
853,7,1071,1080,60,2,BAD,direct,"The vehicle remains stopped, steadily maintaining its position.",stop,"The vehicle remains stopped normally, maintaining a steady course.",stop,1,"<loc1022>The vehicle remains stopped, steadily maintaining its position.;<loc1021>"
854,7,1081,1090,60,3,,,"The vehicle remains stopped, steadily maintaining its position.",stop,,,0,"<loc1022>The vehicle remains stopped, steadily maintaining its position.;<loc1021>"
855,7,1091,1100,60,4,,,"The vehicle remains stopped, steadily maintaining its position.",stop,,,0,"<loc1022>The vehicle remains stopped, steadily maintaining its position.;<loc1021>"
856,7,1101,1110,60,5,,,"The vehicle remains stopped, steadily maintaining its position.",stop,,,0,"<loc1022>The vehicle remains stopped, steadily maintaining its position.;<loc1021>"
857,7,1111,1120,60,6,,,"The vehicle remains stopped, steadily maintaining its position.",stop,,,0,"<loc1022>The vehicle remains stopped, steadily maintaining its position.;<loc1021>"
858,7,1121,1130,60,7,,,"The vehicle remains stopped, steadily maintaining its position.",stop,,,0,"<loc1022>The vehicle remains stopped, steadily maintaining its position.;<loc1021>"
859,7,1131,1140,60,8,BAD,precursor,The vehicle remains stopped normally.,stop,"The vehicle remains stopped normally, maintaining a steady course.",stop,1,<loc1022>The vehicle remains stopped normally.;<loc1021>
860,7,1141,1150,60,9,BAD,precursor,"The vehicle remains stopped, steadily maintaining its position.",stop,"The vehicle remains stopped normally, maintaining a steady course.",stop,1,"<loc1022>The vehicle remains stopped, steadily maintaining its position.;<loc1021>"
861,7,1151,1160,60,10,BAD,direct,"The vehicle remains stopped, steadily maintaining its position.",stop,"The vehicle remains stopped normally, maintaining a steady course.",stop,1,"<loc1022>The vehicle remains stopped, steadily maintaining its position.;<loc1021>"
862,7,1161,1170,60,11,BAD,direct,"The vehicle remains stopped, steadily maintaining its position.",stop,"The vehicle remains stopped normally, maintaining a steady course.",stop,1,"<loc1022>The vehicle remains stopped, steadily maintaining its position.;<loc1021>"
863,7,1171,1180,60,12,,,"The vehicle remains stopped, steadily maintaining its position.",stop,,,0,"<loc1022>The vehicle remains stopped, steadily maintaining its position.;<loc1021>"
864,7,1181,1190,60,13,,,"The vehicle remains stopped, steadily maintaining its position.",stop,,,0,"<loc1022>The vehicle remains stopped, steadily maintaining its position.;<loc1021>"
865,7,1191,1200,60,14,,,"The vehicle remains stopped, steadily maintaining its position.",stop,,,0,"<loc1022>The vehicle remains stopped, steadily maintaining its position.;<loc1021>"
866,7,1201,1210,61,0,GOOD,,"The vehicle remains stopped, steadily maintaining its position.",stop,"The vehicle remains stopped, steadily maintaining its position.",stop,1,"<loc1022>The vehicle remains stopped, steadily maintaining its position.;<loc1021>"
867,7,1211,1220,61,1,,,"The vehicle remains stopped, steadily maintaining its position.",stop,"The vehicle remains stopped, steadily maintaining its position.",stop,1,"<loc1022>The vehicle remains stopped, steadily maintaining its position.;<loc1021>"
868,7,1221,1230,61,2,BAD,precursor,"The vehicle remains stopped, steadily maintaining its position.",stop,"The vehicle remains stopped, steadily maintaining its position.",stop,1,"<loc1022>The vehicle remains stopped, steadily maintaining its position.;<loc1021>"
869,7,1231,1240,61,3,BAD,direct,"The vehicle remains stopped, steadily maintaining its position.",stop,"The vehicle remains stopped, steadily maintaining its position.",stop,1,"<loc1022>The vehicle remains stopped, steadily maintaining its position.;<loc1021>"
870,7,1241,1250,61,4,BAD,direct,"The vehicle remains stopped, steadily maintaining its position.",stop,"The vehicle remains stopped, steadily maintaining its position.",stop,1,"<loc1022>The vehicle remains stopped, steadily maintaining its position.;<loc1021>"
871,7,1251,1260,61,5,,,"The vehicle remains stopped, steadily maintaining its position.",stop,"The vehicle remains stopped, steadily maintaining its position.",stop,1,"<loc1022>The vehicle remains stopped, steadily maintaining its position.;<loc1021>"
872,7,1261,1270,61,6,BAD,precursor,"The vehicle remains stopped, steadily maintaining its position.",stop,"The vehicle remains stopped, steadily maintaining its position.",stop,1,"<loc1022>The vehicle remains stopped, steadily maintaining its position.;<loc1021>"
873,7,1271,1280,61,7,BAD,direct,"The vehicle remains stopped, steadily maintaining its position.",stop,"The vehicle remains stopped, steadily maintaining its position.",stop,1,"<loc1022>The vehicle remains stopped, steadily maintaining its position.;<loc1021>"
874,7,1281,1290,61,8,BAD,direct,"The vehicle remains stopped, steadily maintaining its position.",stop,"The vehicle remains stopped, steadily maintaining its position.",stop,1,"<loc1022>The vehicle remains stopped, steadily maintaining its position.;<loc1021>"
875,7,1291,1300,61,9,,,"The vehicle remains stopped, steadily maintaining its position.",stop,"The vehicle remains stopped, steadily maintaining its position.",stop,1,"<loc1022>The vehicle remains stopped, steadily maintaining its position.;<loc1021>"
876,7,1301,1310,61,10,,,"The vehicle remains stopped, steadily maintaining its position.",stop,"The vehicle remains stopped, steadily maintaining its position.",stop,1,"<loc1022>The vehicle remains stopped, steadily maintaining its position.;<loc1021>"
877,7,1311,1320,61,11,,,"The vehicle remains stopped, steadily maintaining its position.",stop,"The vehicle remains stopped, steadily maintaining its position.",stop,1,"<loc1022>The vehicle remains stopped, steadily maintaining its position.;<loc1021>"
878,7,1321,1330,61,12,,,"The vehicle remains stopped, steadily maintaining its position.",stop,"The vehicle remains stopped, steadily maintaining its position.",stop,1,"<loc1022>The vehicle remains stopped, steadily maintaining its position.;<loc1021>"
879,7,1331,1340,61,13,GOOD,,"The vehicle remains stopped, steadily maintaining its position.",stop,"The vehicle remains stopped, steadily maintaining its position.",stop,1,"<loc1022>The vehicle remains stopped, steadily maintaining its position.;<loc1021>"
880,7,1341,1350,61,14,GOOD,,"The vehicle remains stopped, steadily maintaining its position.",stop,"The vehicle remains stopped, steadily maintaining its position.",stop,1,"<loc1022>The vehicle remains stopped, steadily maintaining its position.;<loc1021>"
881,7,1351,1360,62,0,GOOD,,"The vehicle remains stopped, steadily maintaining its position.",stop,"The vehicle remains stopped, steadily maintaining its position.",stop,1,"<loc1022>The vehicle remains stopped, steadily maintaining its position.;<loc1021>"
882,7,1361,1370,62,1,GOOD,,"The vehicle remains stopped, steadily maintaining its position.",stop,"The vehicle remains stopped, steadily maintaining its position.",stop,1,"<loc1022>The vehicle remains stopped, steadily maintaining its position.;<loc1021>"
883,7,1371,1380,62,2,GOOD,,"The vehicle remains stopped, steadily maintaining its position.",stop,"The vehicle remains stopped, steadily maintaining its position.",stop,1,"<loc1022>The vehicle remains stopped, steadily maintaining its position.;<loc1021>"
884,7,1381,1390,62,3,,,"The vehicle remains stopped, steadily maintaining its position.",stop,,,0,"<loc1022>The vehicle remains stopped, steadily maintaining its position.;<loc1021>"
885,7,1391,1400,62,4,,,"The vehicle remains stopped, steadily maintaining its position.",stop,,,0,"<loc1022>The vehicle remains stopped, steadily maintaining its position.;<loc1021>"
886,7,1401,1410,62,5,,,"The vehicle remains stopped, steadily maintaining its position.",stop,,,0,"<loc1022>The vehicle remains stopped, steadily maintaining its position.;<loc1021>"
887,7,1411,1420,62,6,,,"The vehicle remains stopped, steadily maintaining its position.",stop,,,0,"<loc1022>The vehicle remains stopped, steadily maintaining its position.;<loc1021>"
888,7,1421,1430,62,7,,,"The vehicle remains stopped, steadily maintaining its position.",stop,,,0,"<loc1022>The vehicle remains stopped, steadily maintaining its position.;<loc1021>"
889,7,1431,1440,62,8,,,"The vehicle remains stopped, steadily maintaining its position.",stop,,,0,"<loc1022>The vehicle remains stopped, steadily maintaining its position.;<loc1021>"
890,7,1441,1450,62,9,BAD,precursor,"The vehicle remains stopped, steadily maintaining its position.",stop,"The vehicle remains stopped, steadily maintaining its position.",stop,1,"<loc1022>The vehicle remains stopped, steadily maintaining its position.;<loc1021>"
891,7,1451,1460,62,10,BAD,direct,"The vehicle remains stopped, steadily maintaining its position.",stop,"The vehicle remains stopped, steadily maintaining its position.",stop,1,"<loc1022>The vehicle remains stopped, steadily maintaining its position.;<loc1021>"
892,7,1461,1470,62,11,BAD,direct,"The vehicle remains stopped, maintaining a steady course.",stop,"The vehicle remains stopped, steadily maintaining its position.",stop,1,"<loc1022>The vehicle remains stopped, maintaining a steady course.;<loc1021>"
893,7,1471,1480,62,12,BAD,direct,"The vehicle remains stopped, maintaining its position.",stop,"The vehicle remains stopped, steadily maintaining its position.",stop,1,"<loc1022>The vehicle remains stopped, maintaining its position.;<loc1021>"
894,7,1481,1490,62,13,BAD,direct,"The vehicle remains stopped, steadily maintaining its position.",stop,"The vehicle remains stopped, steadily maintaining its position.",stop,1,"<loc1022>The vehicle remains stopped, steadily maintaining its position.;<loc1021>"
895,7,1491,1500,62,14,GOOD,,"The vehicle remains stopped, steadily maintaining its position.",stop,"The vehicle accelerates normally to follow the route, maintaining a straight course.",accelerate,1,"<loc1022>The vehicle remains stopped, steadily maintaining its position.;<loc1021>"
896,7,1501,1510,63,0,BAD,direct,"The vehicle accelerates normally to follow the route, maintaining a straight course.",accelerate,"The vehicle remains stopped, steadily maintaining its position.",stop,1,"<loc1022>The vehicle accelerates normally to follow the route, maintaining a straight course.;<loc1021>"
897,7,1511,1520,63,1,,,"The vehicle accelerates normally to follow the route, maintaining a straight course.",accelerate,,,0,"<loc1022>The vehicle accelerates normally to follow the route, maintaining a straight course.;<loc1021>"
898,7,1521,1530,63,2,,,"The vehicle accelerates steadily to follow the route, maintaining a straight course.",accelerate,,,0,"<loc1022>The vehicle accelerates steadily to follow the route, maintaining a straight course.;<loc1021>"
899,7,1531,1540,63,3,GOOD,,The vehicle steadily decelerates to a stop while maintaining a straight course.,decelerate,The vehicle accelerates normally and follows the route with a steady speed.,accelerate,1,<loc1022>The vehicle steadily decelerates to a stop while maintaining a straight course.;<loc1021>
900,7,1541,1550,63,4,GOOD,,"The vehicle accelerates steadily to follow the route, maintaining a straight course.",accelerate,"The vehicle follows the route, maintaining its speed with a steady course.",follow,1,"<loc1022>The vehicle accelerates steadily to follow the route, maintaining a straight course.;<loc1021>"
901,7,1551,1560,63,5,GOOD,,"The vehicle is completely stopped, maintaining a steady course.",stop,"The vehicle follows the route, maintaining its speed with a steady course.",follow,1,"<loc1022>The vehicle is completely stopped, maintaining a steady course.;<loc1021>"
902,7,1561,1570,63,6,GOOD,,"The vehicle normally follows the route, maintaining its speed along the clear road.",follow,"The vehicle follows the route, maintaining its speed with a steady course.",follow,1,"<loc1022>The vehicle normally follows the route, maintaining its speed along the clear road.;<loc1021>"
903,7,1571,1580,63,7,GOOD,,"The vehicle continues to accelerate smoothly, maintaining a steady course.",accelerate,"The vehicle follows the route, maintaining its speed with a steady course.",follow,1,"<loc1022>The vehicle continues to accelerate smoothly, maintaining a steady course.;<loc1021>"
904,7,1581,1590,63,8,GOOD,,The vehicle steadily decelerates to a stop while maintaining a straight course.,decelerate,"The vehicle smoothly decelerates to a stop, maintaining a straight course.",decelerate,1,<loc1022>The vehicle steadily decelerates to a stop while maintaining a straight course.;<loc1021>
905,7,1591,1600,63,9,GOOD,,The vehicle steadily decelerates to a stop while maintaining a straight course.,decelerate,The vehicle remains stopped normally.,stop,1,<loc1022>The vehicle steadily decelerates to a stop while maintaining a straight course.;<loc1021>
906,7,1601,1610,63,10,,,The vehicle steadily decelerates to a stop while maintaining a straight course.,decelerate,,,0,<loc1022>The vehicle steadily decelerates to a stop while maintaining a straight course.;<loc1021>
907,7,1611,1620,63,11,BAD,precursor,The vehicle steadily decelerates to a stop while maintaining a straight course.,decelerate,The vehicle remains stopped normally.,stop,1,<loc1022>The vehicle steadily decelerates to a stop while maintaining a straight course.;<loc1021>
908,7,1621,1630,63,12,BAD,precursor,The vehicle steadily decelerates to a stop while maintaining a straight course.,decelerate,The vehicle remains stopped normally.,stop,1,<loc1022>The vehicle steadily decelerates to a stop while maintaining a straight course.;<loc1021>
909,7,1631,1640,63,13,BAD,direct,"The vehicle remains stopped, steadily maintaining its position.",stop,The vehicle remains stopped normally.,stop,1,"<loc1022>The vehicle remains stopped, steadily maintaining its position.;<loc1021>"
910,7,1641,1650,63,14,BAD,direct,"The vehicle accelerates smoothly to follow the route, maintaining a straight course.",accelerate,The vehicle remains stopped normally.,stop,1,"<loc1022>The vehicle accelerates smoothly to follow the route, maintaining a straight course.;<loc1021>"
911,7,1651,1660,64,0,GOOD,,"The vehicle normally follows the route, maintaining a steady speed with smooth control inputs.",follow,"The vehicle accelerates steadily to follow the route, maintaining a straight course.",accelerate,1,"<loc1022>The vehicle normally follows the route, maintaining a steady speed with smooth control inputs.;<loc1021>"
912,7,1661,1670,64,1,GOOD,,The vehicle steadily decelerates to a stop while maintaining a straight course.,decelerate,The vehicle steadily decelerates to a stop while maintaining a straight course.,decelerate,1,<loc1022>The vehicle steadily decelerates to a stop while maintaining a straight course.;<loc1021>
913,8,1,10,65,0,,,"The vehicle normally follows the route, maintaining its speed along the clear road.",follow,"The vehicle normally follows the route, maintaining a steady course.",follow,1,"<loc1022>The vehicle normally follows the route, maintaining its speed along the clear road.;<loc1021>"
914,8,11,20,65,1,GOOD,,"The vehicle accelerates normally to follow the route, maintaining a straight course.",accelerate,"The vehicle accelerates smoothly to follow the front car, maintaining a straight course.",accelerate,1,"<loc1022>The vehicle accelerates normally to follow the route, maintaining a straight course.;<loc1021>"
915,8,21,30,65,2,GOOD,,"The vehicle accelerates steadily to follow the front vehicle, maintaining a straight course.",accelerate,"The vehicle maintains a steady speed while following the route, staying behind the front car.",maintain,1,"<loc1022>The vehicle accelerates steadily to follow the front vehicle, maintaining a straight course.;<loc1021>"
916,8,31,40,65,3,,,"The vehicle accelerates normally, maintaining a steady speed while following the route.",accelerate,"The vehicle maintains a steady speed while following the route, staying behind the front car.",maintain,1,"<loc1022>The vehicle accelerates normally, maintaining a steady speed while following the route.;<loc1021>"
917,8,41,50,65,4,BAD,precursor,"The vehicle follows the route, maintaining a steady speed and safe following distance.",follow,"The vehicle maintains a steady speed while following the route, staying behind the front car.",maintain,1,"<loc1022>The vehicle follows the route, maintaining a steady speed and safe following distance.;<loc1021>"
918,8,51,60,65,5,BAD,direct,"The vehicle smoothly follows the route, maintaining a steady speed to stay behind the maroon car.",follow,"The vehicle normally follows the route, maintaining a steady speed behind the front car.",follow,1,"<loc1022>The vehicle smoothly follows the route, maintaining a steady speed to stay behind the maroon car.;<loc1021>"
919,8,61,70,65,6,BAD,direct,The vehicle smoothly decelerates to a stop while maintaining a straight course.,decelerate,"The vehicle decelerates smoothly to stay behind the front car, driving cautiously.",decelerate,1,<loc1022>The vehicle smoothly decelerates to a stop while maintaining a straight course.;<loc1021>
920,8,71,80,65,7,BAD,direct,"The vehicle accelerates normally to follow the front vehicle, maintaining a steady straight course.",accelerate,"The vehicle normally follows the route, accelerating to follow the front car.",follow,1,"<loc1022>The vehicle accelerates normally to follow the front vehicle, maintaining a steady straight course.;<loc1021>"
921,8,81,90,65,8,,,"The vehicle normally follows the route, maintaining a steady speed and safe following distance.",follow,The vehicle accelerates normally and makes a sharp course adjustment following the route.,accelerate,1,"<loc1022>The vehicle normally follows the route, maintaining a steady speed and safe following distance.;<loc1021>"
922,8,91,100,65,9,,,"The vehicle decelerates smoothly to stay behind the front car, driving cautiously.",decelerate,"The vehicle normally follows the route, maintaining reduced speed behind the front car.",follow,1,"<loc1022>The vehicle decelerates smoothly to stay behind the front car, driving cautiously.;<loc1021>"
923,8,101,110,65,10,,,The vehicle accelerates normally to follow the maroon car ahead.,accelerate,"The vehicle normally follows the route, maintaining reduced speed with a steady course.",follow,1,<loc1022>The vehicle accelerates normally to follow the maroon car ahead.;<loc1021>
924,8,111,120,65,11,,,"The vehicle follows the route, maintaining a steady speed and a safe following distance.",follow,"The vehicle normally follows the route, maintaining reduced speed with a steady course.",follow,1,"<loc1022>The vehicle follows the route, maintaining a steady speed and a safe following distance.;<loc1021>"
925,8,121,130,65,12,,,"The vehicle maintains a steady speed while following the route, staying behind the front car.",maintain,"The vehicle normally follows the route, maintaining reduced speed with a steady course.",follow,1,"<loc1022>The vehicle maintains a steady speed while following the route, staying behind the front car.;<loc1021>"
926,8,131,140,65,13,,,"The vehicle smoothly decelerates to follow the car ahead, maintaining a steady course.",decelerate,The vehicle steadily decelerates to a stop while maintaining a straight course.,decelerate,1,"<loc1022>The vehicle smoothly decelerates to follow the car ahead, maintaining a steady course.;<loc1021>"
927,8,141,150,65,14,GOOD,,"The vehicle accelerates steadily to follow the front car, maintaining a straight course.",accelerate,The vehicle steadily decelerates to a stop while maintaining a straight course.,decelerate,1,"<loc1022>The vehicle accelerates steadily to follow the front car, maintaining a straight course.;<loc1021>"
928,8,151,160,66,0,GOOD,,The vehicle smoothly decelerates to a stop while maintaining a straight course.,decelerate,"The vehicle accelerates normally while following the route, maintaining a safe following distance.",accelerate,1,<loc1022>The vehicle smoothly decelerates to a stop while maintaining a straight course.;<loc1021>
929,8,161,170,66,1,GOOD,,"The vehicle accelerates steadily to follow the front vehicle, maintaining a straight course.",accelerate,"The vehicle accelerates normally while following the route, maintaining a safe following distance.",accelerate,1,"<loc1022>The vehicle accelerates steadily to follow the front vehicle, maintaining a straight course.;<loc1021>"
930,8,171,180,66,2,GOOD,,The vehicle steadily decelerates to a stop while maintaining a straight course.,decelerate,"The vehicle maintains a steady speed while following the route, keeping a safe following distance.",maintain,1,<loc1022>The vehicle steadily decelerates to a stop while maintaining a straight course.;<loc1021>
931,8,181,190,66,3,,,"The vehicle smoothly follows the route, maintaining its speed.",follow,,,0,"<loc1022>The vehicle smoothly follows the route, maintaining its speed.;<loc1021>"
932,8,191,200,66,4,,,"The vehicle accelerates steadily to follow the route, maintaining a straight course.",accelerate,,,0,"<loc1022>The vehicle accelerates steadily to follow the route, maintaining a straight course.;<loc1021>"
933,8,201,210,66,5,,,"The vehicle normally follows the route, accelerating to maintain forward progress.",follow,,,0,"<loc1022>The vehicle normally follows the route, accelerating to maintain forward progress.;<loc1021>"
934,8,211,220,66,6,,,"The vehicle smoothly follows the route, maintaining its speed with a steady course.",follow,,,0,"<loc1022>The vehicle smoothly follows the route, maintaining its speed with a steady course.;<loc1021>"
935,8,221,230,66,7,BAD,precursor,"The vehicle follows the route, maintaining its speed with a steady course.",follow,"The vehicle maintains a steady speed while following the route, ensuring smooth throttle and brake inputs.",maintain,1,"<loc1022>The vehicle follows the route, maintaining its speed with a steady course.;<loc1021>"
936,8,231,240,66,8,BAD,direct,The vehicle steadily decelerates to a stop while maintaining a straight course.,decelerate,"The vehicle maintains a steady speed while following the route, ensuring smooth throttle and brake inputs.",maintain,1,<loc1022>The vehicle steadily decelerates to a stop while maintaining a straight course.;<loc1021>
937,8,241,250,66,9,BAD,precursor,The vehicle steadily decelerates to a stop while maintaining a straight course.,decelerate,The vehicle smoothly decelerates to a stop while maintaining a straight course.,decelerate,1,<loc1022>The vehicle steadily decelerates to a stop while maintaining a straight course.;<loc1021>
938,8,251,260,66,10,BAD,precursor,The vehicle smoothly decelerates to a stop while maintaining a straight course.,decelerate,The vehicle steadily decelerates to a stop while maintaining a straight course.,decelerate,1,<loc1022>The vehicle smoothly decelerates to a stop while maintaining a straight course.;<loc1021>
939,8,261,270,66,11,BAD,precursor,"The vehicle accelerates normally to follow the route, maintaining a straight course.",accelerate,The vehicle steadily decelerates to a stop while maintaining a straight course.,decelerate,1,"<loc1022>The vehicle accelerates normally to follow the route, maintaining a straight course.;<loc1021>"
940,8,271,280,66,12,BAD,direct,"The vehicle maintains a steady speed while following the route, driving normally.",maintain,The vehicle steadily decelerates to a stop while maintaining a straight course.,decelerate,1,"<loc1022>The vehicle maintains a steady speed while following the route, driving normally.;<loc1021>"
941,8,281,290,66,13,BAD,direct,"The vehicle follows the route, maintaining its speed with a straight course.",follow,The vehicle steadily decelerates to a stop while maintaining a straight course.,decelerate,1,"<loc1022>The vehicle follows the route, maintaining its speed with a straight course.;<loc1021>"
942,8,291,300,66,14,BAD,direct,"The vehicle steadily decelerates to follow the route, maintaining a straight course.",decelerate,The vehicle steadily decelerates to a stop while maintaining a straight course.,decelerate,1,"<loc1022>The vehicle steadily decelerates to follow the route, maintaining a straight course.;<loc1021>"
943,8,301,310,67,0,,,"The vehicle smoothly follows the route, maintaining its speed.",follow,The vehicle steadily decelerates to a stop while maintaining a straight course.,decelerate,1,"<loc1022>The vehicle smoothly follows the route, maintaining its speed.;<loc1021>"
944,8,311,320,67,1,GOOD,,The vehicle steadily decelerates while maintaining a straight course.,decelerate,The vehicle steadily decelerates to a stop while maintaining a straight course.,decelerate,1,<loc1022>The vehicle steadily decelerates while maintaining a straight course.;<loc1021>
945,8,321,330,67,2,,,The vehicle steadily decelerates while maintaining a straight course.,decelerate,The vehicle steadily decelerates to a stop while maintaining a straight course.,decelerate,1,<loc1022>The vehicle steadily decelerates while maintaining a straight course.;<loc1021>
946,8,331,340,67,3,,,"The vehicle remains stopped, steadily maintaining its position.",stop,The vehicle steadily decelerates to a stop while maintaining a straight course.,decelerate,1,"<loc1022>The vehicle remains stopped, steadily maintaining its position.;<loc1021>"
947,8,341,350,67,4,,,The vehicle steadily decelerates to a stop while maintaining a straight course.,decelerate,"The vehicle decelerates smoothly to a complete stop, maintaining a straight course.",decelerate,1,<loc1022>The vehicle steadily decelerates to a stop while maintaining a straight course.;<loc1021>
948,8,351,360,67,5,GOOD,,"The vehicle remains stopped, steadily maintaining its position.",stop,"The vehicle remains stopped, steadily maintaining its position.",stop,1,"<loc1022>The vehicle remains stopped, steadily maintaining its position.;<loc1021>"
949,8,361,370,67,6,,,"The vehicle remains stopped, steadily maintaining its position.",stop,"The vehicle remains stopped, steadily maintaining its position.",stop,1,"<loc1022>The vehicle remains stopped, steadily maintaining its position.;<loc1021>"
950,8,371,380,67,7,,,"The vehicle remains stopped, steadily maintaining its position.",stop,"The vehicle remains stopped, steadily maintaining its position.",stop,1,"<loc1022>The vehicle remains stopped, steadily maintaining its position.;<loc1021>"
951,8,381,390,67,8,,,"The vehicle remains stopped, steadily maintaining its position.",stop,"The vehicle remains stopped, steadily maintaining its position.",stop,1,"<loc1022>The vehicle remains stopped, steadily maintaining its position.;<loc1021>"
952,8,391,400,67,9,,,"The vehicle remains stopped, steadily maintaining its position.",stop,"The vehicle remains stopped, steadily maintaining its position.",stop,1,"<loc1022>The vehicle remains stopped, steadily maintaining its position.;<loc1021>"
953,8,401,410,67,10,,,"The vehicle remains stopped, steadily maintaining its position.",stop,"The vehicle remains stopped, steadily maintaining its position.",stop,1,"<loc1022>The vehicle remains stopped, steadily maintaining its position.;<loc1021>"
954,8,411,420,67,11,GOOD,,"The vehicle remains stopped, steadily maintaining its position.",stop,"The vehicle remains stopped, steadily maintaining its position.",stop,1,"<loc1022>The vehicle remains stopped, steadily maintaining its position.;<loc1021>"
955,8,421,430,67,12,,,"The vehicle remains stopped, steadily maintaining its position.",stop,"The vehicle remains stopped, steadily maintaining its position.",stop,1,"<loc1022>The vehicle remains stopped, steadily maintaining its position.;<loc1021>"
956,8,431,440,67,13,,,"The vehicle remains stopped, steadily maintaining its position.",stop,"The vehicle remains stopped, steadily maintaining its position.",stop,1,"<loc1022>The vehicle remains stopped, steadily maintaining its position.;<loc1021>"
957,8,441,450,67,14,,,"The vehicle remains stopped, steadily maintaining its position.",stop,"The vehicle remains stopped, steadily maintaining its position.",stop,1,"<loc1022>The vehicle remains stopped, steadily maintaining its position.;<loc1021>"
958,8,451,460,68,0,BAD,direct,"The vehicle remains stopped, steadily maintaining its position.",stop,"The vehicle remains stopped normally, holding steady brake pressure.",stop,1,"<loc1022>The vehicle remains stopped, steadily maintaining its position.;<loc1021>"
959,8,461,470,68,1,BAD,direct,"The vehicle remains stopped, steadily maintaining its position.",stop,"The vehicle remains stopped normally, holding steady brake pressure.",stop,1,"<loc1022>The vehicle remains stopped, steadily maintaining its position.;<loc1021>"
960,8,471,480,68,2,BAD,direct,"The vehicle remains stopped, steadily maintaining its position.",stop,"The vehicle remains stopped, steadily maintaining its position.",stop,1,"<loc1022>The vehicle remains stopped, steadily maintaining its position.;<loc1021>"
961,8,481,490,68,3,BAD,direct,"The vehicle remains stopped, steadily maintaining its position.",stop,"The vehicle remains stopped, steadily maintaining its position.",stop,1,"<loc1022>The vehicle remains stopped, steadily maintaining its position.;<loc1021>"
962,8,491,500,68,4,BAD,direct,"The vehicle remains stopped, steadily maintaining its position.",stop,"The vehicle remains stopped normally, holding steady brake pressure.",stop,1,"<loc1022>The vehicle remains stopped, steadily maintaining its position.;<loc1021>"
963,8,501,510,68,5,BAD,direct,"The vehicle remains stopped, steadily maintaining its position.",stop,"The vehicle remains stopped normally, holding steady brake pressure.",stop,1,"<loc1022>The vehicle remains stopped, steadily maintaining its position.;<loc1021>"
964,8,511,520,68,6,BAD,direct,"The vehicle remains stopped, steadily maintaining its position.",stop,"The vehicle remains stopped, steadily maintaining its position.",stop,1,"<loc1022>The vehicle remains stopped, steadily maintaining its position.;<loc1021>"
965,8,521,530,68,7,BAD,direct,"The vehicle remains stopped, steadily maintaining its position.",stop,"The vehicle remains stopped, steadily maintaining its position.",stop,1,"<loc1022>The vehicle remains stopped, steadily maintaining its position.;<loc1021>"
966,8,531,540,68,8,BAD,direct,"The vehicle remains stopped, steadily maintaining its position.",stop,"The vehicle remains stopped normally, holding steady brake pressure.",stop,1,"<loc1022>The vehicle remains stopped, steadily maintaining its position.;<loc1021>"
967,8,541,550,68,9,BAD,direct,"The vehicle remains stopped, steadily maintaining its position.",stop,"The vehicle remains stopped normally, holding steady brake pressure.",stop,1,"<loc1022>The vehicle remains stopped, steadily maintaining its position.;<loc1021>"
968,8,551,560,68,10,BAD,direct,"The vehicle remains stopped, steadily maintaining its position.",stop,"The vehicle remains stopped, steadily maintaining its position.",stop,1,"<loc1022>The vehicle remains stopped, steadily maintaining its position.;<loc1021>"
969,8,561,570,68,11,BAD,direct,"The vehicle remains stopped, steadily maintaining its position.",stop,"The vehicle remains stopped, steadily maintaining its position.",stop,1,"<loc1022>The vehicle remains stopped, steadily maintaining its position.;<loc1021>"
970,8,571,580,68,12,BAD,direct,"The vehicle remains stopped, steadily maintaining its position.",stop,"The vehicle remains stopped normally, holding steady brake pressure.",stop,1,"<loc1022>The vehicle remains stopped, steadily maintaining its position.;<loc1021>"
971,8,581,590,68,13,BAD,direct,"The vehicle remains stopped, steadily maintaining its position.",stop,"The vehicle remains stopped normally, holding steady brake pressure.",stop,1,"<loc1022>The vehicle remains stopped, steadily maintaining its position.;<loc1021>"
972,8,591,600,68,14,BAD,direct,"The vehicle remains stopped, steadily maintaining its position.",stop,"The vehicle remains stopped, steadily maintaining its position.",stop,1,"<loc1022>The vehicle remains stopped, steadily maintaining its position.;<loc1021>"
973,8,601,610,69,0,GOOD,,"The vehicle remains stopped, steadily maintaining its position.",stop,"The vehicle remains stopped normally, maintaining its position.",stop,1,"<loc1022>The vehicle remains stopped, steadily maintaining its position.;<loc1021>"
974,8,611,620,69,1,GOOD,,"The vehicle remains stopped, steadily maintaining its position.",stop,"The vehicle remains stopped normally, maintaining its position.",stop,1,"<loc1022>The vehicle remains stopped, steadily maintaining its position.;<loc1021>"
975,8,621,630,69,2,GOOD,,"The vehicle remains stopped, steadily maintaining its position.",stop,"The vehicle remains stopped normally, maintaining its position.",stop,1,"<loc1022>The vehicle remains stopped, steadily maintaining its position.;<loc1021>"
976,8,631,640,69,3,GOOD,,"The vehicle remains stopped, steadily maintaining its position.",stop,"The vehicle remains stopped normally, maintaining its position.",stop,1,"<loc1022>The vehicle remains stopped, steadily maintaining its position.;<loc1021>"
977,8,641,650,69,4,GOOD,,"The vehicle remains stopped, steadily maintaining its position.",stop,"The vehicle remains stopped normally, maintaining its position.",stop,1,"<loc1022>The vehicle remains stopped, steadily maintaining its position.;<loc1021>"
978,8,651,660,69,5,GOOD,,"The vehicle remains stopped, steadily maintaining its position.",stop,"The vehicle remains stopped normally, maintaining its position.",stop,1,"<loc1022>The vehicle remains stopped, steadily maintaining its position.;<loc1021>"
979,8,661,670,69,6,GOOD,,"The vehicle remains stopped, steadily maintaining its position.",stop,"The vehicle remains stopped normally, maintaining its position.",stop,1,"<loc1022>The vehicle remains stopped, steadily maintaining its position.;<loc1021>"
980,8,671,680,69,7,GOOD,,"The vehicle remains stopped, steadily maintaining its position.",stop,"The vehicle remains stopped normally, maintaining its position.",stop,1,"<loc1022>The vehicle remains stopped, steadily maintaining its position.;<loc1021>"
981,8,681,690,69,8,GOOD,,"The vehicle remains stopped, steadily maintaining its position.",stop,"The vehicle remains stopped normally, maintaining its position.",stop,1,"<loc1022>The vehicle remains stopped, steadily maintaining its position.;<loc1021>"
982,8,691,700,69,9,GOOD,,"The vehicle remains stopped, steadily maintaining its position.",stop,"The vehicle remains stopped normally, maintaining its position.",stop,1,"<loc1022>The vehicle remains stopped, steadily maintaining its position.;<loc1021>"
983,8,701,710,69,10,GOOD,,"The vehicle remains stopped, steadily maintaining its position.",stop,"The vehicle remains stopped normally, maintaining its position.",stop,1,"<loc1022>The vehicle remains stopped, steadily maintaining its position.;<loc1021>"
984,8,711,720,69,11,GOOD,,"The vehicle remains stopped, steadily maintaining its position.",stop,"The vehicle remains stopped normally, maintaining its position.",stop,1,"<loc1022>The vehicle remains stopped, steadily maintaining its position.;<loc1021>"
985,8,721,730,69,12,GOOD,,"The vehicle remains stopped, steadily maintaining its position.",stop,"The vehicle remains stopped normally, maintaining its position.",stop,1,"<loc1022>The vehicle remains stopped, steadily maintaining its position.;<loc1021>"
986,8,731,740,69,13,GOOD,,"The vehicle remains stopped, steadily maintaining its position.",stop,"The vehicle remains stopped normally, maintaining its position.",stop,1,"<loc1022>The vehicle remains stopped, steadily maintaining its position.;<loc1021>"
987,8,741,750,69,14,GOOD,,"The vehicle remains stopped, steadily maintaining its position.",stop,"The vehicle remains stopped normally, maintaining its position.",stop,1,"<loc1022>The vehicle remains stopped, steadily maintaining its position.;<loc1021>"
988,8,751,760,70,0,GOOD,,"The vehicle remains stopped, steadily maintaining its position.",stop,"The vehicle remains stopped, steadily maintaining its position.",stop,1,"<loc1022>The vehicle remains stopped, steadily maintaining its position.;<loc1021>"
989,8,761,770,70,1,GOOD,,"The vehicle remains stopped, steadily maintaining its position.",stop,"The vehicle remains stopped, steadily maintaining its position.",stop,1,"<loc1022>The vehicle remains stopped, steadily maintaining its position.;<loc1021>"
990,8,771,780,70,2,GOOD,,"The vehicle remains stopped, steadily maintaining its position.",stop,"The vehicle remains stopped, steadily maintaining its position.",stop,1,"<loc1022>The vehicle remains stopped, steadily maintaining its position.;<loc1021>"
991,8,781,790,70,3,GOOD,,"The vehicle remains stopped, steadily maintaining its position.",stop,"The vehicle remains stopped, steadily maintaining its position.",stop,1,"<loc1022>The vehicle remains stopped, steadily maintaining its position.;<loc1021>"
992,8,791,800,70,4,GOOD,,"The vehicle remains stopped, steadily maintaining its position.",stop,"The vehicle remains stopped, steadily maintaining its position.",stop,1,"<loc1022>The vehicle remains stopped, steadily maintaining its position.;<loc1021>"
993,8,801,810,70,5,GOOD,,"The vehicle remains stopped, steadily maintaining its position.",stop,"The vehicle remains stopped, steadily maintaining its position.",stop,1,"<loc1022>The vehicle remains stopped, steadily maintaining its position.;<loc1021>"
994,8,811,820,70,6,GOOD,,"The vehicle remains stopped, steadily maintaining its position.",stop,"The vehicle remains stopped, steadily maintaining its position.",stop,1,"<loc1022>The vehicle remains stopped, steadily maintaining its position.;<loc1021>"
995,8,821,830,70,7,GOOD,,"The vehicle remains stopped, steadily maintaining its position.",stop,"The vehicle remains stopped, steadily maintaining its position.",stop,1,"<loc1022>The vehicle remains stopped, steadily maintaining its position.;<loc1021>"
996,8,831,840,70,8,GOOD,,"The vehicle remains stopped, steadily maintaining its position.",stop,"The vehicle remains stopped, steadily maintaining its position.",stop,1,"<loc1022>The vehicle remains stopped, steadily maintaining its position.;<loc1021>"
997,8,841,850,70,9,GOOD,,"The vehicle remains stopped, steadily maintaining its position.",stop,"The vehicle remains stopped, steadily maintaining its position.",stop,1,"<loc1022>The vehicle remains stopped, steadily maintaining its position.;<loc1021>"
998,8,851,860,70,10,GOOD,,"The vehicle remains stopped, steadily maintaining its position.",stop,"The vehicle remains stopped, steadily maintaining its position.",stop,1,"<loc1022>The vehicle remains stopped, steadily maintaining its position.;<loc1021>"
999,8,861,870,70,11,GOOD,,"The vehicle remains stopped, steadily maintaining its position.",stop,"The vehicle remains stopped, steadily maintaining its position.",stop,1,"<loc1022>The vehicle remains stopped, steadily maintaining its position.;<loc1021>"
1000,8,871,880,70,12,GOOD,,"The vehicle remains stopped, steadily maintaining its position.",stop,"The vehicle remains stopped, steadily maintaining its position.",stop,1,"<loc1022>The vehicle remains stopped, steadily maintaining its position.;<loc1021>"
1001,8,881,890,70,13,GOOD,,"The vehicle remains stopped, steadily maintaining its position.",stop,"The vehicle remains stopped, steadily maintaining its position.",stop,1,"<loc1022>The vehicle remains stopped, steadily maintaining its position.;<loc1021>"
1002,8,891,900,70,14,GOOD,,"The vehicle remains stopped, steadily maintaining its position.",stop,"The vehicle remains stopped, steadily maintaining its position.",stop,1,"<loc1022>The vehicle remains stopped, steadily maintaining its position.;<loc1021>"
1003,8,901,910,71,0,GOOD,,"The vehicle remains stopped, steadily maintaining its position.",stop,"The vehicle remains stopped normally, steadily maintaining its position.",stop,1,"<loc1022>The vehicle remains stopped, steadily maintaining its position.;<loc1021>"
1004,8,911,920,71,1,GOOD,,"The vehicle remains stopped, steadily maintaining its position.",stop,"The vehicle remains stopped normally, steadily maintaining its position.",stop,1,"<loc1022>The vehicle remains stopped, steadily maintaining its position.;<loc1021>"
1005,8,921,930,71,2,GOOD,,"The vehicle remains stopped, steadily maintaining its position.",stop,"The vehicle remains stopped normally, steadily maintaining its position.",stop,1,"<loc1022>The vehicle remains stopped, steadily maintaining its position.;<loc1021>"
1006,8,931,940,71,3,GOOD,,"The vehicle remains stopped, steadily maintaining its position.",stop,"The vehicle remains stopped normally, steadily maintaining its position.",stop,1,"<loc1022>The vehicle remains stopped, steadily maintaining its position.;<loc1021>"
1007,8,941,950,71,4,GOOD,,"The vehicle remains stopped normally, steadily maintaining its position.",stop,"The vehicle remains stopped normally, steadily maintaining its position.",stop,1,"<loc1022>The vehicle remains stopped normally, steadily maintaining its position.;<loc1021>"
1008,8,951,960,71,5,GOOD,,The vehicle remains stopped normally.,stop,"The vehicle remains stopped normally, steadily maintaining its position.",stop,1,<loc1022>The vehicle remains stopped normally.;<loc1021>
1009,8,961,970,71,6,BAD,precursor,"The vehicle remains stopped, steadily maintaining its position.",stop,"The vehicle remains stopped normally, steadily maintaining its position.",stop,1,"<loc1022>The vehicle remains stopped, steadily maintaining its position.;<loc1021>"
1010,8,971,980,71,7,BAD,direct,"The vehicle remains stopped normally, steadily maintaining its position.",stop,"The vehicle remains stopped normally, steadily maintaining its position.",stop,1,"<loc1022>The vehicle remains stopped normally, steadily maintaining its position.;<loc1021>"
1011,8,981,990,71,8,BAD,direct,The vehicle remains stopped normally.,stop,"The vehicle remains stopped normally, steadily maintaining its position.",stop,1,<loc1022>The vehicle remains stopped normally.;<loc1021>
1012,8,991,1000,71,9,BAD,direct,"The vehicle remains stopped normally, maintaining a steady course.",stop,"The vehicle remains stopped normally, steadily maintaining its position.",stop,1,"<loc1022>The vehicle remains stopped normally, maintaining a steady course.;<loc1021>"
1013,8,1001,1010,71,10,BAD,direct,"The vehicle remains stopped, steadily maintaining its position.",stop,"The vehicle remains stopped normally, steadily maintaining its position.",stop,1,"<loc1022>The vehicle remains stopped, steadily maintaining its position.;<loc1021>"
1014,8,1011,1020,71,11,BAD,precursor,"The vehicle remains stopped, steadily maintaining its position.",stop,"The vehicle remains stopped normally, steadily maintaining its position.",stop,1,"<loc1022>The vehicle remains stopped, steadily maintaining its position.;<loc1021>"
1015,8,1021,1030,71,12,BAD,precursor,The vehicle remains stopped normally.,stop,"The vehicle remains stopped normally, steadily maintaining its position.",stop,1,<loc1022>The vehicle remains stopped normally.;<loc1021>
1016,8,1031,1040,71,13,BAD,precursor,"The vehicle remains stopped, steadily maintaining its position.",stop,"The vehicle remains stopped normally, steadily maintaining its position.",stop,1,"<loc1022>The vehicle remains stopped, steadily maintaining its position.;<loc1021>"
1017,8,1041,1050,71,14,BAD,precursor,"The vehicle remains stopped, steadily maintaining its position.",stop,"The vehicle remains stopped normally, steadily maintaining its position.",stop,1,"<loc1022>The vehicle remains stopped, steadily maintaining its position.;<loc1021>"
1018,8,1051,1060,72,0,GOOD,,"The vehicle remains stopped, steadily maintaining its position.",stop,"The vehicle remains stopped normally, maintaining its position.",stop,1,"<loc1022>The vehicle remains stopped, steadily maintaining its position.;<loc1021>"
1019,8,1061,1070,72,1,GOOD,,"The vehicle remains stopped, steadily maintaining its position.",stop,"The vehicle remains stopped normally, maintaining its position.",stop,1,"<loc1022>The vehicle remains stopped, steadily maintaining its position.;<loc1021>"
1020,8,1071,1080,72,2,GOOD,,"The vehicle remains stopped, steadily maintaining its position.",stop,"The vehicle remains stopped normally, maintaining its position.",stop,1,"<loc1022>The vehicle remains stopped, steadily maintaining its position.;<loc1021>"
1021,8,1081,1090,72,3,GOOD,,"The vehicle remains stopped, steadily maintaining its position.",stop,"The vehicle remains stopped normally, maintaining its position.",stop,1,"<loc1022>The vehicle remains stopped, steadily maintaining its position.;<loc1021>"
1022,8,1091,1100,72,4,GOOD,,"The vehicle remains stopped, steadily maintaining its position.",stop,"The vehicle remains stopped normally, maintaining its position.",stop,1,"<loc1022>The vehicle remains stopped, steadily maintaining its position.;<loc1021>"
1023,8,1101,1110,72,5,GOOD,,"The vehicle remains stopped, steadily maintaining its position.",stop,"The vehicle remains stopped normally, maintaining its position.",stop,1,"<loc1022>The vehicle remains stopped, steadily maintaining its position.;<loc1021>"
1024,8,1111,1120,72,6,GOOD,,"The vehicle remains stopped, steadily maintaining its position.",stop,"The vehicle remains stopped normally, maintaining its position.",stop,1,"<loc1022>The vehicle remains stopped, steadily maintaining its position.;<loc1021>"
1025,8,1121,1130,72,7,GOOD,,"The vehicle remains stopped, steadily maintaining its position.",stop,"The vehicle remains stopped normally, maintaining its position.",stop,1,"<loc1022>The vehicle remains stopped, steadily maintaining its position.;<loc1021>"
1026,8,1131,1140,72,8,BAD,precursor,"The vehicle remains stopped, steadily maintaining its position.",stop,"The vehicle remains stopped normally, maintaining its position.",stop,1,"<loc1022>The vehicle remains stopped, steadily maintaining its position.;<loc1021>"
1027,8,1141,1150,72,9,BAD,precursor,"The vehicle remains stopped, steadily maintaining its position.",stop,"The vehicle remains stopped normally, maintaining its position.",stop,1,"<loc1022>The vehicle remains stopped, steadily maintaining its position.;<loc1021>"
1028,8,1151,1160,72,10,BAD,direct,"The vehicle remains stopped, steadily maintaining its position.",stop,"The vehicle remains stopped normally, maintaining its position.",stop,1,"<loc1022>The vehicle remains stopped, steadily maintaining its position.;<loc1021>"
1029,8,1161,1170,72,11,BAD,direct,"The vehicle remains stopped normally, maintaining a steady course.",stop,"The vehicle remains stopped normally, maintaining its position.",stop,1,"<loc1022>The vehicle remains stopped normally, maintaining a steady course.;<loc1021>"
1030,8,1171,1180,72,12,BAD,direct,"The vehicle remains stopped, steadily maintaining its position.",stop,"The vehicle remains stopped normally, maintaining its position.",stop,1,"<loc1022>The vehicle remains stopped, steadily maintaining its position.;<loc1021>"
1031,8,1181,1190,72,13,GOOD,,"The vehicle remains stopped, steadily maintaining its position.",stop,The vehicle steadily decelerates to a stop while maintaining a straight course.,decelerate,1,"<loc1022>The vehicle remains stopped, steadily maintaining its position.;<loc1021>"
1032,8,1191,1200,72,14,GOOD,,"The vehicle remains stopped, steadily maintaining its position.",stop,"The vehicle remains stopped normally, maintaining its position.",stop,1,"<loc1022>The vehicle remains stopped, steadily maintaining its position.;<loc1021>"
1033,8,1201,1210,73,0,GOOD,,"The vehicle remains stopped, steadily maintaining its position.",stop,"The vehicle remains stopped normally, steadily maintaining its position.",stop,1,"<loc1022>The vehicle remains stopped, steadily maintaining its position.;<loc1021>"
1034,8,1211,1220,73,1,GOOD,,"The vehicle remains stopped, steadily maintaining its position.",stop,"The vehicle remains stopped normally, steadily maintaining its position.",stop,1,"<loc1022>The vehicle remains stopped, steadily maintaining its position.;<loc1021>"
1035,8,1221,1230,73,2,,,"The vehicle remains stopped, steadily maintaining its position.",stop,,,0,"<loc1022>The vehicle remains stopped, steadily maintaining its position.;<loc1021>"
1036,8,1231,1240,73,3,,,"The vehicle remains stopped, steadily maintaining its position.",stop,,,0,"<loc1022>The vehicle remains stopped, steadily maintaining its position.;<loc1021>"
1037,8,1241,1250,73,4,,,"The vehicle remains stopped, steadily maintaining its position.",stop,,,0,"<loc1022>The vehicle remains stopped, steadily maintaining its position.;<loc1021>"
1038,8,1251,1260,73,5,,,"The vehicle remains stopped, steadily maintaining its position.",stop,,,0,"<loc1022>The vehicle remains stopped, steadily maintaining its position.;<loc1021>"
1039,8,1261,1270,73,6,,,"The vehicle remains stopped, steadily maintaining its position.",stop,,,0,"<loc1022>The vehicle remains stopped, steadily maintaining its position.;<loc1021>"
1040,8,1271,1280,73,7,,,"The vehicle remains stopped, steadily maintaining its position.",stop,,,0,"<loc1022>The vehicle remains stopped, steadily maintaining its position.;<loc1021>"
1041,8,1281,1290,73,8,,,"The vehicle remains stopped, steadily maintaining its position.",stop,,,0,"<loc1022>The vehicle remains stopped, steadily maintaining its position.;<loc1021>"
1042,8,1291,1300,73,9,,,"The vehicle remains stopped, steadily maintaining its position.",stop,,,0,"<loc1022>The vehicle remains stopped, steadily maintaining its position.;<loc1021>"
1043,8,1301,1310,73,10,,,"The vehicle remains stopped, steadily maintaining its position.",stop,,,0,"<loc1022>The vehicle remains stopped, steadily maintaining its position.;<loc1021>"
1044,8,1311,1320,73,11,BAD,precursor,"The vehicle remains stopped, steadily maintaining its position.",stop,"The vehicle remains stopped normally, steadily maintaining its position.",stop,1,"<loc1022>The vehicle remains stopped, steadily maintaining its position.;<loc1021>"
1045,8,1321,1330,73,12,BAD,direct,"The vehicle remains stopped, steadily maintaining its position.",stop,"The vehicle remains stopped normally, steadily maintaining its position.",stop,1,"<loc1022>The vehicle remains stopped, steadily maintaining its position.;<loc1021>"
1046,8,1331,1340,73,13,BAD,direct,"The vehicle remains stopped, steadily maintaining its position.",stop,"The vehicle remains stopped normally, steadily maintaining its position.",stop,1,"<loc1022>The vehicle remains stopped, steadily maintaining its position.;<loc1021>"
1047,8,1341,1350,73,14,BAD,direct,"The vehicle remains stopped, steadily maintaining its position.",stop,"The vehicle remains stopped normally, steadily maintaining its position.",stop,1,"<loc1022>The vehicle remains stopped, steadily maintaining its position.;<loc1021>"
1048,8,1351,1360,74,0,GOOD,,"The vehicle remains stopped, steadily maintaining its position.",stop,"The vehicle remains stopped, steadily maintaining its position.",stop,1,"<loc1022>The vehicle remains stopped, steadily maintaining its position.;<loc1021>"
1049,8,1361,1370,74,1,GOOD,,"The vehicle remains stopped, steadily maintaining its position.",stop,"The vehicle remains stopped, steadily maintaining its position.",stop,1,"<loc1022>The vehicle remains stopped, steadily maintaining its position.;<loc1021>"
1050,8,1371,1380,74,2,GOOD,,"The vehicle remains stopped, steadily maintaining its position.",stop,"The vehicle remains stopped, steadily maintaining its position.",stop,1,"<loc1022>The vehicle remains stopped, steadily maintaining its position.;<loc1021>"
1051,8,1381,1390,74,3,GOOD,,"The vehicle remains stopped, steadily maintaining its position.",stop,"The vehicle remains stopped, steadily maintaining its position.",stop,1,"<loc1022>The vehicle remains stopped, steadily maintaining its position.;<loc1021>"
1052,8,1391,1400,74,4,GOOD,,"The vehicle remains stopped, steadily maintaining its position.",stop,"The vehicle remains stopped, steadily maintaining its position.",stop,1,"<loc1022>The vehicle remains stopped, steadily maintaining its position.;<loc1021>"
1053,8,1401,1410,74,5,GOOD,,The vehicle remains stopped normally.,stop,"The vehicle remains stopped, steadily maintaining its position.",stop,1,<loc1022>The vehicle remains stopped normally.;<loc1021>
1054,8,1411,1420,74,6,GOOD,,"The vehicle remains stopped, steadily maintaining its position.",stop,"The vehicle remains stopped, steadily maintaining its position.",stop,1,"<loc1022>The vehicle remains stopped, steadily maintaining its position.;<loc1021>"
1055,8,1421,1430,74,7,GOOD,,"The vehicle remains stopped, steadily maintaining its position.",stop,"The vehicle remains stopped, steadily maintaining its position.",stop,1,"<loc1022>The vehicle remains stopped, steadily maintaining its position.;<loc1021>"
1056,8,1431,1440,74,8,GOOD,,"The vehicle remains stopped, steadily maintaining its position.",stop,"The vehicle remains stopped, steadily maintaining its position.",stop,1,"<loc1022>The vehicle remains stopped, steadily maintaining its position.;<loc1021>"
1057,8,1441,1450,74,9,GOOD,,"The vehicle remains stopped, steadily maintaining its position.",stop,"The vehicle remains stopped, steadily maintaining its position.",stop,1,"<loc1022>The vehicle remains stopped, steadily maintaining its position.;<loc1021>"
1058,8,1451,1460,74,10,GOOD,,"The vehicle remains stopped, steadily maintaining its position.",stop,"The vehicle remains stopped, steadily maintaining its position.",stop,1,"<loc1022>The vehicle remains stopped, steadily maintaining its position.;<loc1021>"
1059,8,1461,1470,74,11,GOOD,,"The vehicle remains stopped, steadily maintaining its position.",stop,"The vehicle accelerates steadily to follow the route, maintaining a straight course.",accelerate,1,"<loc1022>The vehicle remains stopped, steadily maintaining its position.;<loc1021>"
1060,8,1471,1480,74,12,GOOD,,"The vehicle normally follows the route, accelerating to a steady speed.",follow,"The vehicle accelerates steadily to follow the route, maintaining a straight course.",accelerate,1,"<loc1022>The vehicle normally follows the route, accelerating to a steady speed.;<loc1021>"
1061,8,1481,1490,74,13,GOOD,,"The vehicle normally follows the route, maintaining a steady speed with smooth control inputs.",follow,"The vehicle normally follows the route, accelerating and maintaining a steady course.",follow,1,"<loc1022>The vehicle normally follows the route, maintaining a steady speed with smooth control inputs.;<loc1021>"
1062,8,1491,1500,74,14,GOOD,,"The vehicle normally follows the route, maintaining a steady speed with smooth control inputs.",follow,"The vehicle normally follows the route, accelerating and maintaining a steady course.",follow,1,"<loc1022>The vehicle normally follows the route, maintaining a steady speed with smooth control inputs.;<loc1021>"
1063,8,1501,1510,75,0,GOOD,,"The vehicle normally follows the route, maintaining a steady speed with smooth control inputs.",follow,"The vehicle accelerates steadily to follow the route, maintaining a straight course.",accelerate,1,"<loc1022>The vehicle normally follows the route, maintaining a steady speed with smooth control inputs.;<loc1021>"
1064,8,1511,1520,75,1,GOOD,,"The vehicle accelerates steadily to follow the route, maintaining a straight course.",accelerate,"The vehicle maintains a steady speed while following the route, staying centered in its lane.",maintain,1,"<loc1022>The vehicle accelerates steadily to follow the route, maintaining a straight course.;<loc1021>"
1065,8,1521,1530,75,2,GOOD,,"The vehicle smoothly follows the route, maintaining its speed.",follow,The vehicle maintains a steady course and safe speed along the route.,maintain,1,"<loc1022>The vehicle smoothly follows the route, maintaining its speed.;<loc1021>"
1066,8,1531,1540,75,3,GOOD,,The vehicle steadily decelerates to a stop while maintaining a straight course.,decelerate,"The vehicle smoothly follows the route, maintaining its speed.",follow,1,<loc1022>The vehicle steadily decelerates to a stop while maintaining a straight course.;<loc1021>
1067,8,1541,1550,75,4,GOOD,,The vehicle steadily decelerates to a stop while maintaining a straight course.,decelerate,"The vehicle normally follows the route, maintaining its speed and direction.",follow,1,<loc1022>The vehicle steadily decelerates to a stop while maintaining a straight course.;<loc1021>
1068,8,1551,1560,75,5,GOOD,,The vehicle steadily decelerates to a stop while maintaining a straight course.,decelerate,"The vehicle normally follows the route, maintaining steady lane keeping to finish.",follow,1,<loc1022>The vehicle steadily decelerates to a stop while maintaining a straight course.;<loc1021>
1069,8,1561,1563,75,6,GOOD,,"The vehicle accelerates steadily to follow the route, maintaining a straight course.",accelerate,"The vehicle follows the route, maintaining its speed to complete the window.",follow,1,"<loc1022>The vehicle accelerates steadily to follow the route, maintaining a straight course.;<loc1021>"
1070,9,1,10,76,0,BAD,precursor,"The vehicle accelerates steadily to follow the route, maintaining a straight course.",accelerate,"The vehicle accelerates steadily to follow the route, maintaining a straight course.",accelerate,1,"<loc1022>The vehicle accelerates steadily to follow the route, maintaining a straight course.;<loc1021>"
1071,9,11,20,76,1,BAD,precursor,"The vehicle accelerates steadily to follow the route, maintaining a straight course.",accelerate,The vehicle accelerates normally to follow the route.,accelerate,1,"<loc1022>The vehicle accelerates steadily to follow the route, maintaining a straight course.;<loc1021>"
1072,9,21,30,76,2,BAD,direct,"The vehicle accelerates normally to follow the route, maintaining a steady straight course.",accelerate,"The vehicle accelerates steadily to follow the route, maintaining a straight course.",accelerate,1,"<loc1022>The vehicle accelerates normally to follow the route, maintaining a steady straight course.;<loc1021>"
1073,9,31,40,76,3,BAD,direct,"The vehicle normally follows the route, accelerating to maintain a steady speed.",follow,"The vehicle accelerates normally to follow the route, maintaining a straight course.",accelerate,1,"<loc1022>The vehicle normally follows the route, accelerating to maintain a steady speed.;<loc1021>"
1074,9,41,50,76,4,GOOD,,"The vehicle accelerates normally to follow the route, maintaining a steady straight course.",accelerate,"The vehicle accelerates smoothly to follow the front car, maintaining a straight course.",accelerate,1,"<loc1022>The vehicle accelerates normally to follow the route, maintaining a steady straight course.;<loc1021>"
1075,9,51,60,76,5,GOOD,,"The vehicle normally follows the route, maintaining a steady speed.",follow,"The vehicle maintains a steady course, following the car ahead at a normal pace.",maintain,1,"<loc1022>The vehicle normally follows the route, maintaining a steady speed.;<loc1021>"
1076,9,61,70,76,6,GOOD,,"The vehicle normally follows the route, accelerating smoothly and maintaining a straight course.",follow,"The vehicle maintains a steady speed while following the route, staying behind the front car.",maintain,1,"<loc1022>The vehicle normally follows the route, accelerating smoothly and maintaining a straight course.;<loc1021>"
1077,9,71,80,76,7,GOOD,,The vehicle steadily decelerates to maintain a safe following distance behind the front car.,decelerate,"The vehicle decelerates smoothly to stay behind the front car, driving cautiously.",decelerate,1,<loc1022>The vehicle steadily decelerates to maintain a safe following distance behind the front car.;<loc1021>
1078,9,81,90,76,8,GOOD,,The vehicle steadily decelerates to a stop while maintaining a straight course.,decelerate,The vehicle steadily decelerates to a stop while maintaining a straight course.,decelerate,1,<loc1022>The vehicle steadily decelerates to a stop while maintaining a straight course.;<loc1021>
1079,9,91,100,76,9,GOOD,,The vehicle smoothly decelerates to a stop while maintaining a straight course.,decelerate,"The vehicle remained stopped, steadily maintaining its position behind the front vehicle.",stop,1,<loc1022>The vehicle smoothly decelerates to a stop while maintaining a straight course.;<loc1021>
1080,9,101,110,76,10,BAD,precursor,The vehicle steadily decelerates to a stop while maintaining a straight course.,decelerate,"The vehicle accelerates steadily to follow the front car, maintaining a straight course.",accelerate,1,<loc1022>The vehicle steadily decelerates to a stop while maintaining a straight course.;<loc1021>
1081,9,111,120,76,11,BAD,direct,"The vehicle follows the route, accelerating normally to maintain forward progress.",follow,"The vehicle normally follows the route, maintaining reduced speed behind the front car.",follow,1,"<loc1022>The vehicle follows the route, accelerating normally to maintain forward progress.;<loc1021>"
1082,9,121,130,76,12,BAD,direct,"The vehicle remains stopped, steadily maintaining its position.",stop,"The vehicle follows the route, maintaining reduced speed with a steady course.",follow,1,"<loc1022>The vehicle remains stopped, steadily maintaining its position.;<loc1021>"
1083,9,131,140,76,13,BAD,direct,"The vehicle accelerates normally to follow the route, maintaining a steady straight course.",accelerate,"The vehicle normally follows the route, maintaining reduced speed behind the front car.",follow,1,"<loc1022>The vehicle accelerates normally to follow the route, maintaining a steady straight course.;<loc1021>"
1084,9,141,150,76,14,,,"The vehicle follows the route, maintaining a steady speed to maintain a safe following distance.",follow,"The vehicle normally follows the route, maintaining a steady speed.",follow,1,"<loc1022>The vehicle follows the route, maintaining a steady speed to maintain a safe following distance.;<loc1021>"
1085,9,151,160,77,0,GOOD,,"The vehicle accelerates normally to follow the route, maintaining a steady straight course.",accelerate,"The vehicle cautiously follows the route, maintaining steady lane keeping.",follow,1,"<loc1022>The vehicle accelerates normally to follow the route, maintaining a steady straight course.;<loc1021>"
1086,9,161,170,77,1,BAD,precursor,The vehicle smoothly decelerates to a stop while maintaining a straight course.,decelerate,"The vehicle normally follows the route, maintaining a steady speed.",follow,1,<loc1022>The vehicle smoothly decelerates to a stop while maintaining a straight course.;<loc1021>
1087,9,171,180,77,2,BAD,direct,The vehicle smoothly decelerates to a stop while maintaining a straight course.,decelerate,"The vehicle accelerates steadily, maintaining a straight course.",accelerate,1,<loc1022>The vehicle smoothly decelerates to a stop while maintaining a straight course.;<loc1021>
1088,9,181,190,77,3,BAD,precursor,"The vehicle accelerates steadily to follow the front vehicle, maintaining a straight course.",accelerate,"The vehicle normally follows the route, accelerating to match the flow of traffic.",follow,1,"<loc1022>The vehicle accelerates steadily to follow the front vehicle, maintaining a straight course.;<loc1021>"
1089,9,191,200,77,4,BAD,precursor,"The vehicle follows the route, maintaining a steady speed and safe following distance behind the front car.",follow,"The vehicle accelerates steadily, maintaining a straight course.",accelerate,1,"<loc1022>The vehicle follows the route, maintaining a steady speed and safe following distance behind the front car.;<loc1021>"
1090,9,201,210,77,5,BAD,precursor,"The vehicle follows the route, maintaining a steady speed behind the front car, driving straight.",follow,"The vehicle normally follows the route, maintaining a steady speed.",follow,1,"<loc1022>The vehicle follows the route, maintaining a steady speed behind the front car, driving straight.;<loc1021>"
1091,9,211,220,77,6,BAD,precursor,"The vehicle maintains a steady speed while following the route, staying behind the front car.",maintain,"The vehicle normally follows the route, maintaining a steady speed.",follow,1,"<loc1022>The vehicle maintains a steady speed while following the route, staying behind the front car.;<loc1021>"
1092,9,221,230,77,7,BAD,precursor,"The vehicle normally follows the route, maintaining a steady speed behind the front car.",follow,"The vehicle normally follows the route, maintaining a steady speed.",follow,1,"<loc1022>The vehicle normally follows the route, maintaining a steady speed behind the front car.;<loc1021>"
1093,9,231,240,77,8,BAD,precursor,"The vehicle maintains a steady speed while following the route, staying behind the front car.",maintain,"The vehicle normally follows the route, maintaining its speed.",follow,1,"<loc1022>The vehicle maintains a steady speed while following the route, staying behind the front car.;<loc1021>"
1094,9,241,250,77,9,BAD,direct,The vehicle steadily decelerates to a stop while maintaining a straight course.,decelerate,"The vehicle normally follows the route, maintaining a steady speed.",follow,1,<loc1022>The vehicle steadily decelerates to a stop while maintaining a straight course.;<loc1021>
1095,9,251,260,77,10,BAD,precursor,"The vehicle maintains a steady speed while following the route, staying behind the front car.",maintain,"The vehicle accelerates steadily, maintaining a straight course.",accelerate,1,"<loc1022>The vehicle maintains a steady speed while following the route, staying behind the front car.;<loc1021>"
1096,9,261,270,77,11,BAD,precursor,"The vehicle maintains a steady speed while following the route, staying behind the front car.",maintain,"The vehicle normally follows the route, accelerating to match the flow of traffic.",follow,1,"<loc1022>The vehicle maintains a steady speed while following the route, staying behind the front car.;<loc1021>"
1097,9,271,280,77,12,BAD,precursor,"The vehicle follows the route, maintaining a straight course while accelerating normally.",follow,"The vehicle normally follows the route, maintaining a steady speed.",follow,1,"<loc1022>The vehicle follows the route, maintaining a straight course while accelerating normally.;<loc1021>"
1098,9,281,290,77,13,BAD,precursor,"The vehicle accelerates normally to follow the route, maintaining a straight course.",accelerate,"The vehicle normally follows the route, maintaining its speed.",follow,1,"<loc1022>The vehicle accelerates normally to follow the route, maintaining a straight course.;<loc1021>"
1099,9,291,300,77,14,BAD,direct,"The vehicle accelerates steadily to follow the route, maintaining a straight course.",accelerate,"The vehicle normally follows the route, maintaining a steady speed.",follow,1,"<loc1022>The vehicle accelerates steadily to follow the route, maintaining a straight course.;<loc1021>"
1100,9,301,310,78,0,GOOD,,"The vehicle maintains a steady speed while following the route, staying behind the front car.",maintain,"The vehicle follows the route, maintaining steady lane keeping at a safe speed.",follow,1,"<loc1022>The vehicle maintains a steady speed while following the route, staying behind the front car.;<loc1021>"
1101,9,311,320,78,1,GOOD,,The vehicle accelerates smoothly and maintains its lane to follow the route.,accelerate,"The vehicle follows the route, maintaining steady lane keeping at a safe speed.",follow,1,<loc1022>The vehicle accelerates smoothly and maintains its lane to follow the route.;<loc1021>
1102,9,321,330,78,2,,,"The vehicle accelerates normally to follow the route, maintaining a steady straight course.",accelerate,"The vehicle follows the route, maintaining steady lane keeping at a safe speed.",follow,1,"<loc1022>The vehicle accelerates normally to follow the route, maintaining a steady straight course.;<loc1021>"
1103,9,331,340,78,3,,,"The vehicle accelerates steadily to follow the route, maintaining a straight course.",accelerate,"The vehicle follows the route, maintaining steady lane keeping at a safe speed.",follow,1,"<loc1022>The vehicle accelerates steadily to follow the route, maintaining a straight course.;<loc1021>"
1104,9,341,350,78,4,GOOD,,The vehicle steadily decelerates to a stop while maintaining a straight course.,decelerate,The vehicle cautiously decelerates while maintaining a straight course.,decelerate,1,<loc1022>The vehicle steadily decelerates to a stop while maintaining a straight course.;<loc1021>
1105,9,351,360,78,5,GOOD,,The vehicle steadily decelerates to a stop while maintaining a straight course.,decelerate,The vehicle steadily decelerates to a stop while maintaining a straight course.,decelerate,1,<loc1022>The vehicle steadily decelerates to a stop while maintaining a straight course.;<loc1021>
1106,9,361,370,78,6,,,The vehicle steadily decelerates to a stop while maintaining a straight course.,decelerate,The vehicle steadily decelerates to a stop while maintaining a straight course.,decelerate,1,<loc1022>The vehicle steadily decelerates to a stop while maintaining a straight course.;<loc1021>
1107,9,371,380,78,7,,,The vehicle steadily decelerates to a stop while maintaining a straight course.,decelerate,The vehicle steadily decelerates to a stop while maintaining a straight course.,decelerate,1,<loc1022>The vehicle steadily decelerates to a stop while maintaining a straight course.;<loc1021>
1108,9,381,390,78,8,GOOD,,The vehicle steadily decelerates while maintaining a straight course.,decelerate,"The vehicle remains stopped, steadily maintaining its position.",stop,1,<loc1022>The vehicle steadily decelerates while maintaining a straight course.;<loc1021>
1109,9,391,400,78,9,GOOD,,"The vehicle remains stopped, steadily maintaining its position.",stop,"The vehicle remains stopped, steadily maintaining its position.",stop,1,"<loc1022>The vehicle remains stopped, steadily maintaining its position.;<loc1021>"
1110,9,401,410,78,10,,,"The vehicle remains stopped, steadily maintaining its position.",stop,"The vehicle remains stopped, steadily maintaining its position.",stop,1,"<loc1022>The vehicle remains stopped, steadily maintaining its position.;<loc1021>"
1111,9,411,420,78,11,,,"The vehicle remains stopped, steadily maintaining its position.",stop,"The vehicle remains stopped, steadily maintaining its position.",stop,1,"<loc1022>The vehicle remains stopped, steadily maintaining its position.;<loc1021>"
1112,9,421,430,78,12,,,"The vehicle remains stopped, steadily maintaining its position.",stop,"The vehicle remains stopped, steadily maintaining its position.",stop,1,"<loc1022>The vehicle remains stopped, steadily maintaining its position.;<loc1021>"
1113,9,431,440,78,13,,,"The vehicle remains stopped, steadily maintaining its position.",stop,"The vehicle remains stopped, steadily maintaining its position.",stop,1,"<loc1022>The vehicle remains stopped, steadily maintaining its position.;<loc1021>"
1114,9,441,450,78,14,,,"The vehicle remains stopped, steadily maintaining its position.",stop,"The vehicle remains stopped, steadily maintaining its position.",stop,1,"<loc1022>The vehicle remains stopped, steadily maintaining its position.;<loc1021>"
1115,9,451,460,79,0,GOOD,,"The vehicle remains stopped, steadily maintaining its position.",stop,"The vehicle remains stopped, steadily maintaining its position.",stop,1,"<loc1022>The vehicle remains stopped, steadily maintaining its position.;<loc1021>"
1116,9,461,470,79,1,GOOD,,"The vehicle remains stopped, steadily maintaining its position.",stop,"The vehicle remains stopped, steadily maintaining its position.",stop,1,"<loc1022>The vehicle remains stopped, steadily maintaining its position.;<loc1021>"
1117,9,471,480,79,2,GOOD,,"The vehicle remains stopped, steadily maintaining its position.",stop,"The vehicle remains stopped, steadily maintaining its position.",stop,1,"<loc1022>The vehicle remains stopped, steadily maintaining its position.;<loc1021>"
1118,9,481,490,79,3,GOOD,,"The vehicle remains stopped, steadily maintaining its position.",stop,"The vehicle remains stopped, steadily maintaining its position.",stop,1,"<loc1022>The vehicle remains stopped, steadily maintaining its position.;<loc1021>"
1119,9,491,500,79,4,GOOD,,"The vehicle remains stopped, steadily maintaining its position.",stop,"The vehicle remains stopped, steadily maintaining its position.",stop,1,"<loc1022>The vehicle remains stopped, steadily maintaining its position.;<loc1021>"
1120,9,501,510,79,5,GOOD,,"The vehicle remains stopped, steadily maintaining its position.",stop,"The vehicle remains stopped, steadily maintaining its position.",stop,1,"<loc1022>The vehicle remains stopped, steadily maintaining its position.;<loc1021>"
1121,9,511,520,79,6,GOOD,,"The vehicle remains stopped, steadily maintaining its position.",stop,"The vehicle remains stopped, steadily maintaining its position.",stop,1,"<loc1022>The vehicle remains stopped, steadily maintaining its position.;<loc1021>"
1122,9,521,530,79,7,GOOD,,"The vehicle remains stopped, steadily maintaining its position.",stop,"The vehicle remains stopped, steadily maintaining its position.",stop,1,"<loc1022>The vehicle remains stopped, steadily maintaining its position.;<loc1021>"
1123,9,531,540,79,8,BAD,precursor,"The vehicle remains stopped, maintaining a steady course.",stop,"The vehicle remains stopped, steadily maintaining its position.",stop,1,"<loc1022>The vehicle remains stopped, maintaining a steady course.;<loc1021>"
1124,9,541,550,79,9,BAD,direct,"The vehicle remains stopped, steadily maintaining its position.",stop,"The vehicle remains stopped, steadily maintaining its position.",stop,1,"<loc1022>The vehicle remains stopped, steadily maintaining its position.;<loc1021>"
1125,9,551,560,79,10,BAD,direct,"The vehicle remains stopped, steadily maintaining its position.",stop,"The vehicle remains stopped, steadily maintaining its position.",stop,1,"<loc1022>The vehicle remains stopped, steadily maintaining its position.;<loc1021>"
1126,9,561,570,79,11,BAD,direct,"The vehicle remains stopped, steadily maintaining its position.",stop,"The vehicle remains stopped, steadily maintaining its position.",stop,1,"<loc1022>The vehicle remains stopped, steadily maintaining its position.;<loc1021>"
1127,9,571,580,79,12,GOOD,,"The vehicle remains stopped, maintaining a steady course.",stop,"The vehicle remains stopped, steadily maintaining its position.",stop,1,"<loc1022>The vehicle remains stopped, maintaining a steady course.;<loc1021>"
1128,9,581,590,79,13,GOOD,,"The vehicle remains stopped, steadily maintaining its position.",stop,"The vehicle remains stopped, steadily maintaining its position.",stop,1,"<loc1022>The vehicle remains stopped, steadily maintaining its position.;<loc1021>"
1129,9,591,600,79,14,GOOD,,"The vehicle remains stopped, steadily maintaining its position.",stop,"The vehicle remains stopped, steadily maintaining its position.",stop,1,"<loc1022>The vehicle remains stopped, steadily maintaining its position.;<loc1021>"
1130,9,601,610,80,0,GOOD,,"The vehicle remains stopped, steadily maintaining its position.",stop,"The vehicle remains stopped, steadily maintaining its position.",stop,1,"<loc1022>The vehicle remains stopped, steadily maintaining its position.;<loc1021>"
1131,9,611,620,80,1,GOOD,,"The vehicle remains stopped, maintaining a steady course.",stop,"The vehicle remains stopped, steadily maintaining its position.",stop,1,"<loc1022>The vehicle remains stopped, maintaining a steady course.;<loc1021>"
1132,9,621,630,80,2,GOOD,,"The vehicle remains stopped, steadily maintaining its position.",stop,"The vehicle remains stopped, steadily maintaining its position.",stop,1,"<loc1022>The vehicle remains stopped, steadily maintaining its position.;<loc1021>"
1133,9,631,640,80,3,GOOD,,"The vehicle remains stopped, steadily maintaining its position.",stop,"The vehicle remains stopped, steadily maintaining its position.",stop,1,"<loc1022>The vehicle remains stopped, steadily maintaining its position.;<loc1021>"
1134,9,641,650,80,4,GOOD,,The vehicle remains stopped normally.,stop,"The vehicle remains stopped, steadily maintaining its position.",stop,1,<loc1022>The vehicle remains stopped normally.;<loc1021>
1135,9,651,660,80,5,GOOD,,"The vehicle remains stopped, steadily maintaining its position.",stop,"The vehicle remains stopped, steadily maintaining its position.",stop,1,"<loc1022>The vehicle remains stopped, steadily maintaining its position.;<loc1021>"
1136,9,661,670,80,6,GOOD,,The vehicle remains stopped normally.,stop,"The vehicle remains stopped, steadily maintaining its position.",stop,1,<loc1022>The vehicle remains stopped normally.;<loc1021>
1137,9,671,680,80,7,GOOD,,"The vehicle remains stopped, maintaining its position.",stop,"The vehicle remains stopped, steadily maintaining its position.",stop,1,"<loc1022>The vehicle remains stopped, maintaining its position.;<loc1021>"
1138,9,681,690,80,8,GOOD,,"The vehicle remains stopped normally, maintaining a steady course.",stop,"The vehicle remains stopped, steadily maintaining its position.",stop,1,"<loc1022>The vehicle remains stopped normally, maintaining a steady course.;<loc1021>"
1139,9,691,700,80,9,GOOD,,The vehicle remains stopped normally.,stop,"The vehicle remains stopped, steadily maintaining its position.",stop,1,<loc1022>The vehicle remains stopped normally.;<loc1021>
1140,9,701,710,80,10,BAD,precursor,"The vehicle remains stopped, maintaining its position.",stop,"The vehicle remains stopped, steadily maintaining its position.",stop,1,"<loc1022>The vehicle remains stopped, maintaining its position.;<loc1021>"
1141,9,711,720,80,11,BAD,direct,"The vehicle remains stopped normally, maintaining a steady course.",stop,"The vehicle remains stopped, steadily maintaining its position.",stop,1,"<loc1022>The vehicle remains stopped normally, maintaining a steady course.;<loc1021>"
1142,9,721,730,80,12,BAD,direct,"The vehicle remains stopped, steadily maintaining its position.",stop,The vehicle steadily decelerates to a stop while maintaining a straight course.,decelerate,1,"<loc1022>The vehicle remains stopped, steadily maintaining its position.;<loc1021>"
1143,9,731,740,80,13,BAD,direct,The vehicle remains stopped normally.,stop,The vehicle steadily decelerates to a stop while maintaining a straight course.,decelerate,1,<loc1022>The vehicle remains stopped normally.;<loc1021>
1144,9,741,750,80,14,GOOD,,"The vehicle remains stopped, steadily maintaining its position.",stop,The vehicle steadily decelerates to a stop while maintaining a straight course.,decelerate,1,"<loc1022>The vehicle remains stopped, steadily maintaining its position.;<loc1021>"
1145,9,751,760,81,0,GOOD,,"The vehicle remains stopped, steadily maintaining its position.",stop,"The vehicle remains stopped, steadily maintaining its position.",stop,1,"<loc1022>The vehicle remains stopped, steadily maintaining its position.;<loc1021>"
1146,9,761,770,81,1,BAD,direct,"The vehicle remains stopped normally, steadily maintaining its position.",stop,"The vehicle remains stopped, steadily maintaining its position.",stop,1,"<loc1022>The vehicle remains stopped normally, steadily maintaining its position.;<loc1021>"
1147,9,771,780,81,2,BAD,precursor,"The vehicle remains stopped, steadily maintaining its position.",stop,"The vehicle remains stopped, steadily maintaining its position.",stop,1,"<loc1022>The vehicle remains stopped, steadily maintaining its position.;<loc1021>"
1148,9,781,790,81,3,BAD,precursor,The vehicle steadily decelerates to a stop while maintaining a straight course.,decelerate,"The vehicle remains stopped, steadily maintaining its position.",stop,1,<loc1022>The vehicle steadily decelerates to a stop while maintaining a straight course.;<loc1021>
1149,9,791,800,81,4,BAD,precursor,"The vehicle remains stopped, steadily maintaining its position.",stop,"The vehicle remains stopped, steadily maintaining its position.",stop,1,"<loc1022>The vehicle remains stopped, steadily maintaining its position.;<loc1021>"
1150,9,801,810,81,5,BAD,precursor,"The vehicle remains stopped, steadily maintaining its position.",stop,"The vehicle remains stopped, steadily maintaining its position.",stop,1,"<loc1022>The vehicle remains stopped, steadily maintaining its position.;<loc1021>"
1151,9,811,820,81,6,BAD,precursor,"The vehicle remains stopped, steadily maintaining its position.",stop,"The vehicle remains stopped, steadily maintaining its position.",stop,1,"<loc1022>The vehicle remains stopped, steadily maintaining its position.;<loc1021>"
1152,9,821,830,81,7,BAD,precursor,"The vehicle remains stopped, steadily maintaining its position.",stop,"The vehicle remains stopped, steadily maintaining its position.",stop,1,"<loc1022>The vehicle remains stopped, steadily maintaining its position.;<loc1021>"
1153,9,831,840,81,8,BAD,precursor,"The vehicle remains stopped, steadily maintaining its position.",stop,"The vehicle remains stopped, steadily maintaining its position.",stop,1,"<loc1022>The vehicle remains stopped, steadily maintaining its position.;<loc1021>"
1154,9,841,850,81,9,BAD,precursor,"The vehicle remains stopped, steadily maintaining its position.",stop,"The vehicle remains stopped, steadily maintaining its position.",stop,1,"<loc1022>The vehicle remains stopped, steadily maintaining its position.;<loc1021>"
1155,9,851,860,81,10,BAD,precursor,"The vehicle remains stopped, steadily maintaining its position.",stop,"The vehicle remains stopped, steadily maintaining its position.",stop,1,"<loc1022>The vehicle remains stopped, steadily maintaining its position.;<loc1021>"
1156,9,861,870,81,11,BAD,direct,"The vehicle remains stopped, steadily maintaining its position.",stop,"The vehicle remains stopped, steadily maintaining its position.",stop,1,"<loc1022>The vehicle remains stopped, steadily maintaining its position.;<loc1021>"
1157,9,871,880,81,12,BAD,direct,"The vehicle remains stopped, steadily maintaining its position.",stop,"The vehicle remains stopped, steadily maintaining its position.",stop,1,"<loc1022>The vehicle remains stopped, steadily maintaining its position.;<loc1021>"
1158,9,881,890,81,13,BAD,direct,"The vehicle remains stopped, steadily maintaining its position.",stop,"The vehicle remains stopped, steadily maintaining its position.",stop,1,"<loc1022>The vehicle remains stopped, steadily maintaining its position.;<loc1021>"
1159,9,891,900,81,14,BAD,direct,"The vehicle remains stopped, steadily maintaining its position.",stop,"The vehicle remains stopped, steadily maintaining its position.",stop,1,"<loc1022>The vehicle remains stopped, steadily maintaining its position.;<loc1021>"
1160,9,901,910,82,0,GOOD,,"The vehicle remains stopped, steadily maintaining its position.",stop,"The vehicle remains stopped, steadily maintaining its position.",stop,1,"<loc1022>The vehicle remains stopped, steadily maintaining its position.;<loc1021>"
1161,9,911,920,82,1,GOOD,,"The vehicle remains stopped, steadily maintaining its position.",stop,"The vehicle remains stopped, steadily maintaining its position.",stop,1,"<loc1022>The vehicle remains stopped, steadily maintaining its position.;<loc1021>"
1162,9,921,930,82,2,GOOD,,"The vehicle remains stopped, steadily maintaining its position.",stop,"The vehicle remains stopped, steadily maintaining its position.",stop,1,"<loc1022>The vehicle remains stopped, steadily maintaining its position.;<loc1021>"
1163,9,931,940,82,3,GOOD,,"The vehicle remains stopped normally, maintaining a steady course.",stop,"The vehicle remains stopped, steadily maintaining its position.",stop,1,"<loc1022>The vehicle remains stopped normally, maintaining a steady course.;<loc1021>"
1164,9,941,950,82,4,GOOD,,"The vehicle remains stopped normally, steadily maintaining its position.",stop,"The vehicle remains stopped, steadily maintaining its position.",stop,1,"<loc1022>The vehicle remains stopped normally, steadily maintaining its position.;<loc1021>"
1165,9,951,960,82,5,GOOD,,"The vehicle remains stopped, steadily maintaining its position.",stop,"The vehicle remains stopped, steadily maintaining its position.",stop,1,"<loc1022>The vehicle remains stopped, steadily maintaining its position.;<loc1021>"
1166,9,961,970,82,6,BAD,precursor,"The vehicle remains stopped, steadily maintaining its position.",stop,"The vehicle remains stopped, steadily maintaining its position.",stop,1,"<loc1022>The vehicle remains stopped, steadily maintaining its position.;<loc1021>"
1167,9,971,980,82,7,BAD,direct,"The vehicle remains stopped, steadily maintaining its position.",stop,"The vehicle remains stopped, steadily maintaining its position.",stop,1,"<loc1022>The vehicle remains stopped, steadily maintaining its position.;<loc1021>"
1168,9,981,990,82,8,BAD,direct,"The vehicle remains stopped, steadily maintaining its position.",stop,"The vehicle remains stopped, steadily maintaining its position.",stop,1,"<loc1022>The vehicle remains stopped, steadily maintaining its position.;<loc1021>"
1169,9,991,1000,82,9,BAD,direct,"The vehicle remains stopped, steadily maintaining its position.",stop,"The vehicle remains stopped, steadily maintaining its position.",stop,1,"<loc1022>The vehicle remains stopped, steadily maintaining its position.;<loc1021>"
1170,9,1001,1010,82,10,BAD,direct,"The vehicle remains stopped, steadily maintaining its position.",stop,"The vehicle remains stopped, steadily maintaining its position.",stop,1,"<loc1022>The vehicle remains stopped, steadily maintaining its position.;<loc1021>"
1171,9,1011,1020,82,11,BAD,direct,"The vehicle remains stopped, steadily maintaining its position.",stop,"The vehicle remains stopped, steadily maintaining its position.",stop,1,"<loc1022>The vehicle remains stopped, steadily maintaining its position.;<loc1021>"
1172,9,1021,1030,82,12,BAD,direct,"The vehicle remains stopped, steadily maintaining its position.",stop,"The vehicle remains stopped, steadily maintaining its position.",stop,1,"<loc1022>The vehicle remains stopped, steadily maintaining its position.;<loc1021>"
1173,9,1031,1040,82,13,BAD,direct,"The vehicle remains stopped, steadily maintaining its position.",stop,"The vehicle remains stopped, steadily maintaining its position.",stop,1,"<loc1022>The vehicle remains stopped, steadily maintaining its position.;<loc1021>"
1174,9,1041,1050,82,14,BAD,direct,"The vehicle remains stopped, steadily maintaining its position.",stop,"The vehicle remains stopped, steadily maintaining its position.",stop,1,"<loc1022>The vehicle remains stopped, steadily maintaining its position.;<loc1021>"
1175,9,1051,1060,83,0,GOOD,,"The vehicle remains stopped, steadily maintaining its position.",stop,"The vehicle remains stopped, steadily maintaining its position.",stop,1,"<loc1022>The vehicle remains stopped, steadily maintaining its position.;<loc1021>"
1176,9,1061,1070,83,1,GOOD,,"The vehicle remains stopped, steadily maintaining its position.",stop,"The vehicle remains stopped, steadily maintaining its position.",stop,1,"<loc1022>The vehicle remains stopped, steadily maintaining its position.;<loc1021>"
1177,9,1071,1080,83,2,GOOD,,"The vehicle remains stopped, steadily maintaining its position.",stop,"The vehicle remains stopped, steadily maintaining its position.",stop,1,"<loc1022>The vehicle remains stopped, steadily maintaining its position.;<loc1021>"
1178,9,1081,1090,83,3,GOOD,,"The vehicle remains stopped, steadily maintaining its position.",stop,"The vehicle remains stopped, steadily maintaining its position.",stop,1,"<loc1022>The vehicle remains stopped, steadily maintaining its position.;<loc1021>"
1179,9,1091,1100,83,4,GOOD,,"The vehicle remains stopped, steadily maintaining its position.",stop,"The vehicle remains stopped, steadily maintaining its position.",stop,1,"<loc1022>The vehicle remains stopped, steadily maintaining its position.;<loc1021>"
1180,9,1101,1110,83,5,GOOD,,The vehicle remains stopped normally.,stop,"The vehicle remains stopped, steadily maintaining its position.",stop,1,<loc1022>The vehicle remains stopped normally.;<loc1021>
1181,9,1111,1120,83,6,BAD,direct,"The vehicle remains stopped, steadily maintaining its position.",stop,"The vehicle remains stopped, steadily maintaining its position.",stop,1,"<loc1022>The vehicle remains stopped, steadily maintaining its position.;<loc1021>"
1182,9,1121,1130,83,7,BAD,direct,"The vehicle remains stopped, steadily maintaining its position.",stop,"The vehicle remains stopped, steadily maintaining its position.",stop,1,"<loc1022>The vehicle remains stopped, steadily maintaining its position.;<loc1021>"
1183,9,1131,1140,83,8,BAD,direct,"The vehicle remains stopped normally, steadily maintaining its position.",stop,"The vehicle remains stopped, steadily maintaining its position.",stop,1,"<loc1022>The vehicle remains stopped normally, steadily maintaining its position.;<loc1021>"
1184,9,1141,1150,83,9,BAD,direct,The vehicle remains stopped normally.,stop,"The vehicle remains stopped, steadily maintaining its position.",stop,1,<loc1022>The vehicle remains stopped normally.;<loc1021>
1185,9,1151,1160,83,10,BAD,direct,The vehicle remains stopped normally.,stop,"The vehicle remains stopped, steadily maintaining its position.",stop,1,<loc1022>The vehicle remains stopped normally.;<loc1021>
1186,9,1161,1170,83,11,BAD,direct,"The vehicle remains stopped normally, steadily maintaining its position.",stop,"The vehicle remains stopped, steadily maintaining its position.",stop,1,"<loc1022>The vehicle remains stopped normally, steadily maintaining its position.;<loc1021>"
1187,9,1171,1180,83,12,BAD,direct,"The vehicle remains stopped normally, steadily maintaining its position.",stop,"The vehicle remains stopped, steadily maintaining its position.",stop,1,"<loc1022>The vehicle remains stopped normally, steadily maintaining its position.;<loc1021>"
1188,9,1181,1190,83,13,BAD,direct,"The vehicle remains stopped, steadily maintaining its position.",stop,"The vehicle remains stopped, steadily maintaining its position.",stop,1,"<loc1022>The vehicle remains stopped, steadily maintaining its position.;<loc1021>"
1189,9,1191,1200,83,14,BAD,direct,"The vehicle remains stopped, steadily maintaining its position.",stop,"The vehicle remains stopped, steadily maintaining its position.",stop,1,"<loc1022>The vehicle remains stopped, steadily maintaining its position.;<loc1021>"
1190,9,1201,1210,84,0,BAD,direct,"The vehicle remains stopped, steadily maintaining its position.",stop,"The vehicle remains stopped, steadily maintaining its position.",stop,1,"<loc1022>The vehicle remains stopped, steadily maintaining its position.;<loc1021>"
1191,9,1211,1220,84,1,BAD,precursor,"The vehicle remains stopped, steadily maintaining its position.",stop,"The vehicle remains stopped, steadily maintaining its position.",stop,1,"<loc1022>The vehicle remains stopped, steadily maintaining its position.;<loc1021>"
1192,9,1221,1230,84,2,BAD,direct,"The vehicle remains stopped, steadily maintaining its position.",stop,"The vehicle remains stopped, steadily maintaining its position.",stop,1,"<loc1022>The vehicle remains stopped, steadily maintaining its position.;<loc1021>"
1193,9,1231,1240,84,3,BAD,precursor,"The vehicle remains stopped, steadily maintaining its position.",stop,"The vehicle remains stopped, steadily maintaining its position.",stop,1,"<loc1022>The vehicle remains stopped, steadily maintaining its position.;<loc1021>"
1194,9,1241,1250,84,4,BAD,precursor,"The vehicle remains stopped, steadily maintaining its position.",stop,"The vehicle remains stopped, steadily maintaining its position.",stop,1,"<loc1022>The vehicle remains stopped, steadily maintaining its position.;<loc1021>"
1195,9,1251,1260,84,5,BAD,direct,"The vehicle remains stopped, maintaining a steady course.",stop,"The vehicle remains stopped, steadily maintaining its position.",stop,1,"<loc1022>The vehicle remains stopped, maintaining a steady course.;<loc1021>"
1196,9,1261,1270,84,6,BAD,precursor,"The vehicle remains stopped, steadily maintaining its position.",stop,"The vehicle remains stopped, steadily maintaining its position.",stop,1,"<loc1022>The vehicle remains stopped, steadily maintaining its position.;<loc1021>"
1197,9,1271,1280,84,7,BAD,precursor,The vehicle remains stopped normally.,stop,"The vehicle remains stopped, steadily maintaining its position.",stop,1,<loc1022>The vehicle remains stopped normally.;<loc1021>
1198,9,1281,1290,84,8,BAD,precursor,The vehicle remains stopped normally.,stop,"The vehicle remains stopped, steadily maintaining its position.",stop,1,<loc1022>The vehicle remains stopped normally.;<loc1021>
1199,9,1291,1300,84,9,BAD,precursor,"The vehicle remains stopped, steadily maintaining its position.",stop,"The vehicle remains stopped, steadily maintaining its position.",stop,1,"<loc1022>The vehicle remains stopped, steadily maintaining its position.;<loc1021>"
1200,9,1301,1310,84,10,BAD,direct,"The vehicle remains stopped, steadily maintaining its position.",stop,"The vehicle remains stopped, steadily maintaining its position.",stop,1,"<loc1022>The vehicle remains stopped, steadily maintaining its position.;<loc1021>"
1201,9,1311,1320,84,11,BAD,direct,"The vehicle remains stopped normally, steadily maintaining its position.",stop,"The vehicle remains stopped, steadily maintaining its position.",stop,1,"<loc1022>The vehicle remains stopped normally, steadily maintaining its position.;<loc1021>"
1202,9,1321,1330,84,12,BAD,direct,"The vehicle remains stopped normally, steadily maintaining its position.",stop,"The vehicle remains stopped, steadily maintaining its position.",stop,1,"<loc1022>The vehicle remains stopped normally, steadily maintaining its position.;<loc1021>"
1203,9,1331,1340,84,13,BAD,direct,"The vehicle remains stopped normally, maintaining its position.",stop,"The vehicle remains stopped, steadily maintaining its position.",stop,1,"<loc1022>The vehicle remains stopped normally, maintaining its position.;<loc1021>"
1204,9,1341,1350,84,14,BAD,direct,"The vehicle remains stopped, steadily maintaining its position.",stop,"The vehicle remains stopped, steadily maintaining its position.",stop,1,"<loc1022>The vehicle remains stopped, steadily maintaining its position.;<loc1021>"
1205,9,1351,1360,85,0,,,"The vehicle remains stopped, steadily maintaining its position.",stop,"The vehicle remains stopped normally, holding its brakes.",stop,1,"<loc1022>The vehicle remains stopped, steadily maintaining its position.;<loc1021>"
1206,9,1361,1370,85,1,,,"The vehicle remains stopped, steadily maintaining its position.",stop,"The vehicle remains stopped normally, holding its brakes.",stop,1,"<loc1022>The vehicle remains stopped, steadily maintaining its position.;<loc1021>"
1207,9,1371,1380,85,2,GOOD,,"The vehicle remains stopped normally, steadily maintaining its position.",stop,"The vehicle remains stopped normally, holding its brakes.",stop,1,"<loc1022>The vehicle remains stopped normally, steadily maintaining its position.;<loc1021>"
1208,9,1381,1390,85,3,GOOD,,"The vehicle remains stopped, steadily maintaining its position.",stop,"The vehicle remains stopped normally, holding its brakes.",stop,1,"<loc1022>The vehicle remains stopped, steadily maintaining its position.;<loc1021>"
1209,9,1391,1400,85,4,GOOD,,"The vehicle remains stopped, steadily maintaining its position.",stop,"The vehicle remains stopped normally, holding its brakes.",stop,1,"<loc1022>The vehicle remains stopped, steadily maintaining its position.;<loc1021>"
1210,9,1401,1410,85,5,BAD,precursor,"The vehicle remains stopped, steadily maintaining its position.",stop,"The vehicle remains stopped normally, holding its brakes.",stop,1,"<loc1022>The vehicle remains stopped, steadily maintaining its position.;<loc1021>"
1211,9,1411,1420,85,6,BAD,precursor,"The vehicle remains stopped, steadily maintaining its position.",stop,"The vehicle remains stopped normally, holding its brakes.",stop,1,"<loc1022>The vehicle remains stopped, steadily maintaining its position.;<loc1021>"
1212,9,1421,1430,85,7,BAD,precursor,"The vehicle remains stopped, steadily maintaining its position.",stop,"The vehicle remains stopped normally, holding its brakes.",stop,1,"<loc1022>The vehicle remains stopped, steadily maintaining its position.;<loc1021>"
1213,9,1431,1440,85,8,BAD,direct,"The vehicle remains stopped, steadily maintaining its position.",stop,"The vehicle remains stopped normally, holding its brakes.",stop,1,"<loc1022>The vehicle remains stopped, steadily maintaining its position.;<loc1021>"
1214,9,1441,1450,85,9,BAD,direct,"The vehicle normally follows the route, accelerating to a steady speed.",follow,"The vehicle remains stopped normally, holding its brakes.",stop,1,"<loc1022>The vehicle normally follows the route, accelerating to a steady speed.;<loc1021>"
1215,9,1451,1460,85,10,BAD,direct,"The vehicle normally follows the route, maintaining its speed and staying straight.",follow,"The vehicle remains stopped normally, holding its brakes.",stop,1,"<loc1022>The vehicle normally follows the route, maintaining its speed and staying straight.;<loc1021>"
1216,9,1461,1470,85,11,BAD,direct,"The vehicle normally follows the route, maintaining its speed and staying stopped.",follow,"The vehicle remains stopped normally, holding its brakes.",stop,1,"<loc1022>The vehicle normally follows the route, maintaining its speed and staying stopped.;<loc1021>"
1217,9,1471,1480,85,12,BAD,direct,"The vehicle normally follows the route, accelerating to a steady speed.",follow,"The vehicle remains stopped normally, holding its brakes.",stop,1,"<loc1022>The vehicle normally follows the route, accelerating to a steady speed.;<loc1021>"
1218,9,1481,1490,85,13,BAD,direct,"The vehicle normally follows the route, accelerating to a steady speed.",follow,"The vehicle remains stopped normally, holding its brakes.",stop,1,"<loc1022>The vehicle normally follows the route, accelerating to a steady speed.;<loc1021>"
1219,9,1491,1500,85,14,BAD,direct,"The vehicle normally follows the route, maintaining its speed and staying stopped.",follow,"The vehicle remains stopped normally, holding its brakes.",stop,1,"<loc1022>The vehicle normally follows the route, maintaining its speed and staying stopped.;<loc1021>"
1220,9,1501,1510,86,0,,,"The vehicle remains stopped, steadily maintaining its position.",stop,"The vehicle normally follows the route, maintaining a steady speed.",follow,1,"<loc1022>The vehicle remains stopped, steadily maintaining its position.;<loc1021>"
1221,9,1511,1520,86,1,BAD,precursor,"The vehicle normally follows the route, maintaining a steady speed with smooth control inputs.",follow,The vehicle maintains a steady speed while following the route on the clear road.,maintain,1,"<loc1022>The vehicle normally follows the route, maintaining a steady speed with smooth control inputs.;<loc1021>"
1222,9,1521,1530,86,2,BAD,direct,"The vehicle normally follows the route, maintaining a steady speed with smooth control inputs.",follow,"The vehicle maintains a steady speed while following the route, staying on a straight course.",maintain,1,"<loc1022>The vehicle normally follows the route, maintaining a steady speed with smooth control inputs.;<loc1021>"
1223,9,1531,1540,86,3,BAD,precursor,"The vehicle normally follows the route, maintaining a steady speed with smooth control inputs.",follow,"The vehicle accelerates steadily to recover speed, maintaining a straight course.",accelerate,1,"<loc1022>The vehicle normally follows the route, maintaining a steady speed with smooth control inputs.;<loc1021>"
1224,9,1541,1550,86,4,BAD,direct,"The vehicle normally follows the route, maintaining its speed with a steady course.",follow,The vehicle maintains a steady speed while following the route on the clear road.,maintain,1,"<loc1022>The vehicle normally follows the route, maintaining its speed with a steady course.;<loc1021>"
1225,9,1551,1560,86,5,,,"The vehicle normally follows the route, maintaining a steady speed with smooth control inputs.",follow,"The vehicle accelerates smoothly, maintaining a steady course to follow the route.",accelerate,1,"<loc1022>The vehicle normally follows the route, maintaining a steady speed with smooth control inputs.;<loc1021>"
1226,9,1561,1570,86,6,,,"The vehicle normally follows the route, maintaining its speed and steady lane keeping.",follow,"The vehicle normally follows the route, maintaining its speed with a steady course.",follow,1,"<loc1022>The vehicle normally follows the route, maintaining its speed and steady lane keeping.;<loc1021>"
1227,9,1571,1580,86,7,,,The vehicle steadily decelerates to a stop while maintaining a straight course.,decelerate,"The vehicle smoothly follows the route, maintaining its lane and speed.",follow,1,<loc1022>The vehicle steadily decelerates to a stop while maintaining a straight course.;<loc1021>
1228,9,1581,1590,86,8,GOOD,,The vehicle steadily decelerates to a stop while maintaining a straight course.,decelerate,"The vehicle accelerates smoothly, maintaining a steady course to follow the route.",accelerate,1,<loc1022>The vehicle steadily decelerates to a stop while maintaining a straight course.;<loc1021>
1229,9,1591,1600,86,9,GOOD,,The vehicle steadily decelerates to a stop while maintaining a straight course.,decelerate,"The vehicle accelerates smoothly, maintaining excellent lane discipline and following the route.",accelerate,1,<loc1022>The vehicle steadily decelerates to a stop while maintaining a straight course.;<loc1021>
1230,9,1601,1610,86,10,GOOD,,"The vehicle follows the route, maintaining reduced speed and a steady course.",follow,The vehicle maintains its speed and lane discipline to successfully complete the route.,maintain,1,"<loc1022>The vehicle follows the route, maintaining reduced speed and a steady course.;<loc1021>"
1231,9,1611,1618,86,11,GOOD,,The vehicle steadily decelerates to a stop while maintaining a straight course.,decelerate,The vehicle continues smoothly along the route to successfully complete it.,maintain,1,<loc1022>The vehicle steadily decelerates to a stop while maintaining a straight course.;<loc1021>
1232,10,1,10,87,0,GOOD,,"The vehicle normally follows the route, accelerating smoothly and maintaining a straight course.",follow,"The vehicle smoothly accelerates from a standstill, maintaining its lane.",accelerate,1,"<loc1022>The vehicle normally follows the route, accelerating smoothly and maintaining a straight course.;<loc1021>"
1233,10,11,20,87,1,GOOD,,"The vehicle accelerates smoothly to follow the route, maintaining a straight course.",accelerate,"The vehicle smoothly accelerates, maintaining its lane.",accelerate,1,"<loc1022>The vehicle accelerates smoothly to follow the route, maintaining a straight course.;<loc1021>"
1234,10,21,30,87,2,GOOD,,"The vehicle normally follows the route, maintaining its speed.",follow,"The vehicle smoothly follows the route, maintaining a steady speed.",follow,1,"<loc1022>The vehicle normally follows the route, maintaining its speed.;<loc1021>"
1235,10,31,40,87,3,,,"The vehicle maintains a steady speed while following the route, staying behind the front car.",maintain,,,0,"<loc1022>The vehicle maintains a steady speed while following the route, staying behind the front car.;<loc1021>"
1236,10,41,50,87,4,,,"The vehicle maintains a steady speed while following the route, staying behind the front car.",maintain,,,0,"<loc1022>The vehicle maintains a steady speed while following the route, staying behind the front car.;<loc1021>"
1237,10,51,60,87,5,BAD,direct,"The vehicle follows the route, maintaining a steady speed and safe following distance.",follow,"The vehicle smoothly follows the route, maintaining a steady speed with gradual inputs.",follow,1,"<loc1022>The vehicle follows the route, maintaining a steady speed and safe following distance.;<loc1021>"
1238,10,61,70,87,6,BAD,direct,The vehicle smoothly decelerates to a stop while maintaining a straight course.,decelerate,"The vehicle smoothly follows the route, maintaining a steady speed with gradual inputs.",follow,1,<loc1022>The vehicle smoothly decelerates to a stop while maintaining a straight course.;<loc1021>
1239,10,71,80,87,7,BAD,direct,"The vehicle follows the route, maintaining a steady speed and safe following distance.",follow,"The vehicle smoothly follows the route, maintaining a steady speed with gradual inputs.",follow,1,"<loc1022>The vehicle follows the route, maintaining a steady speed and safe following distance.;<loc1021>"
1240,10,81,90,87,8,BAD,direct,"The vehicle remains stopped, steadily maintaining its position.",stop,"The vehicle smoothly follows the route, maintaining a steady speed with gradual inputs.",follow,1,"<loc1022>The vehicle remains stopped, steadily maintaining its position.;<loc1021>"
1241,10,91,100,87,9,BAD,direct,"The vehicle follows the route, maintaining a steady speed and safe following distance.",follow,"The vehicle smoothly follows the route, maintaining a steady speed with gradual inputs.",follow,1,"<loc1022>The vehicle follows the route, maintaining a steady speed and safe following distance.;<loc1021>"
1242,10,101,110,87,10,,,"The vehicle follows the route, maintaining a steady speed and safe following distance.",follow,,,0,"<loc1022>The vehicle follows the route, maintaining a steady speed and safe following distance.;<loc1021>"
1243,10,111,120,87,11,,,"The vehicle follows the route, maintaining a steady speed and safe following distance.",follow,,,0,"<loc1022>The vehicle follows the route, maintaining a steady speed and safe following distance.;<loc1021>"
1244,10,121,130,87,12,,,The vehicle steadily decelerates to a stop while maintaining a straight course.,decelerate,,,0,<loc1022>The vehicle steadily decelerates to a stop while maintaining a straight course.;<loc1021>
1245,10,131,140,87,13,,,"The vehicle follows the route, maintaining reduced speed with a steady course.",follow,,,0,"<loc1022>The vehicle follows the route, maintaining reduced speed with a steady course.;<loc1021>"
1246,10,141,150,87,14,,,"The vehicle normally follows the route, maintaining its speed.",follow,,,0,"<loc1022>The vehicle normally follows the route, maintaining its speed.;<loc1021>"
1247,10,151,160,88,0,,,"The vehicle maintains a steady speed while following the route, staying behind the front car.",maintain,"The vehicle follows the route, maintaining a steady course and speed.",follow,1,"<loc1022>The vehicle maintains a steady speed while following the route, staying behind the front car.;<loc1021>"
1248,10,161,170,88,1,,,"The vehicle remains stopped, steadily maintaining its position.",stop,"The vehicle follows the route, maintaining a steady course and speed.",follow,1,"<loc1022>The vehicle remains stopped, steadily maintaining its position.;<loc1021>"
1249,10,171,180,88,2,,,"The vehicle remains stopped, steadily maintaining its position.",stop,"The vehicle follows the route, maintaining a steady course and speed.",follow,1,"<loc1022>The vehicle remains stopped, steadily maintaining its position.;<loc1021>"
1250,10,181,190,88,3,GOOD,,"The vehicle remains stopped, steadily maintaining its position.",stop,"The vehicle follows the route, maintaining a steady course and speed.",follow,1,"<loc1022>The vehicle remains stopped, steadily maintaining its position.;<loc1021>"
1251,10,191,200,88,4,GOOD,,"The vehicle normally follows the route, maintaining a steady speed.",follow,"The vehicle follows the route, maintaining a steady course and speed.",follow,1,"<loc1022>The vehicle normally follows the route, maintaining a steady speed.;<loc1021>"
1252,10,201,210,88,5,,,"The vehicle maintains a steady speed while following the route, staying behind the front car.",maintain,"The vehicle follows the route, maintaining a steady course and speed.",follow,1,"<loc1022>The vehicle maintains a steady speed while following the route, staying behind the front car.;<loc1021>"
1253,10,211,220,88,6,,,"The vehicle maintains a steady speed while following the route, staying behind the front car.",maintain,"The vehicle follows the route, maintaining a steady course and speed.",follow,1,"<loc1022>The vehicle maintains a steady speed while following the route, staying behind the front car.;<loc1021>"
1254,10,221,230,88,7,,,"The vehicle maintains a steady speed while following the route, staying behind the front car.",maintain,"The vehicle follows the route, maintaining a steady course and speed.",follow,1,"<loc1022>The vehicle maintains a steady speed while following the route, staying behind the front car.;<loc1021>"
1255,10,231,240,88,8,BAD,precursor,"The vehicle normally follows the route, accelerating to match the speed of the front vehicle.",follow,The vehicle steadily decelerates while maintaining a straight course.,decelerate,1,"<loc1022>The vehicle normally follows the route, accelerating to match the speed of the front vehicle.;<loc1021>"
1256,10,241,250,88,9,BAD,precursor,"The vehicle maintains a steady speed while following the route, staying behind the front car.",maintain,The vehicle steadily decelerates while maintaining a straight course.,decelerate,1,"<loc1022>The vehicle maintains a steady speed while following the route, staying behind the front car.;<loc1021>"
1257,10,251,260,88,10,BAD,precursor,"The vehicle accelerates steadily to follow the front car, maintaining a straight course.",accelerate,The vehicle steadily decelerates to a stop while maintaining a straight course.,decelerate,1,"<loc1022>The vehicle accelerates steadily to follow the front car, maintaining a straight course.;<loc1021>"
1258,10,261,270,88,11,BAD,precursor,"The vehicle normally follows the route, maintaining its speed with a steady course.",follow,The vehicle steadily decelerates to a stop while maintaining a straight course.,decelerate,1,"<loc1022>The vehicle normally follows the route, maintaining its speed with a steady course.;<loc1021>"
1259,10,271,280,88,12,BAD,precursor,"The vehicle follows the route, maintaining its speed with a steady course.",follow,The vehicle steadily decelerates to a stop while maintaining a straight course.,decelerate,1,"<loc1022>The vehicle follows the route, maintaining its speed with a steady course.;<loc1021>"
1260,10,281,290,88,13,BAD,direct,The vehicle steadily decelerates to a stop while maintaining a straight course.,decelerate,"The vehicle smoothly decelerates to a stop, maintaining a steady course.",decelerate,1,<loc1022>The vehicle steadily decelerates to a stop while maintaining a straight course.;<loc1021>
1261,10,291,300,88,14,BAD,direct,The vehicle steadily decelerates to a stop while maintaining a straight course.,decelerate,"The vehicle remains stopped, steadily maintaining its position.",stop,1,<loc1022>The vehicle steadily decelerates to a stop while maintaining a straight course.;<loc1021>
1262,10,301,310,89,0,,,"The vehicle remains stopped, steadily maintaining its position.",stop,,,0,"<loc1022>The vehicle remains stopped, steadily maintaining its position.;<loc1021>"
1263,10,311,320,89,1,,,The vehicle steadily decelerates to a stop while maintaining a straight course.,decelerate,,,0,<loc1022>The vehicle steadily decelerates to a stop while maintaining a straight course.;<loc1021>
1264,10,321,330,89,2,,,The vehicle steadily decelerates to a stop while maintaining a straight course.,decelerate,,,0,<loc1022>The vehicle steadily decelerates to a stop while maintaining a straight course.;<loc1021>
1265,10,331,340,89,3,,,The vehicle steadily decelerates to a stop while maintaining a straight course.,decelerate,,,0,<loc1022>The vehicle steadily decelerates to a stop while maintaining a straight course.;<loc1021>
1266,10,341,350,89,4,GOOD,,The vehicle steadily decelerates to a stop while maintaining a straight course.,decelerate,The vehicle steadily decelerates to a stop while maintaining a straight course.,decelerate,1,<loc1022>The vehicle steadily decelerates to a stop while maintaining a straight course.;<loc1021>
1267,10,351,360,89,5,BAD,precursor,"The vehicle remains stopped, steadily maintaining its position.",stop,"The vehicle remains stopped, steadily maintaining its position.",stop,1,"<loc1022>The vehicle remains stopped, steadily maintaining its position.;<loc1021>"
1268,10,361,370,89,6,BAD,direct,"The vehicle remains stopped, steadily maintaining its position.",stop,"The vehicle remains stopped, steadily maintaining its position.",stop,1,"<loc1022>The vehicle remains stopped, steadily maintaining its position.;<loc1021>"
1269,10,371,380,89,7,BAD,direct,"The vehicle remains stopped, steadily maintaining its position.",stop,"The vehicle remains stopped, steadily maintaining its position.",stop,1,"<loc1022>The vehicle remains stopped, steadily maintaining its position.;<loc1021>"
1270,10,381,390,89,8,BAD,direct,"The vehicle remains stopped, steadily maintaining its position.",stop,"The vehicle remains stopped, steadily maintaining its position.",stop,1,"<loc1022>The vehicle remains stopped, steadily maintaining its position.;<loc1021>"
1271,10,391,400,89,9,BAD,direct,"The vehicle remains stopped, steadily maintaining its position.",stop,"The vehicle remains stopped, steadily maintaining its position.",stop,1,"<loc1022>The vehicle remains stopped, steadily maintaining its position.;<loc1021>"
1272,10,401,410,89,10,BAD,direct,"The vehicle remains stopped, steadily maintaining its position.",stop,"The vehicle remains stopped, steadily maintaining its position.",stop,1,"<loc1022>The vehicle remains stopped, steadily maintaining its position.;<loc1021>"
1273,10,411,420,89,11,BAD,direct,"The vehicle remains stopped, steadily maintaining its position.",stop,"The vehicle remains stopped, steadily maintaining its position.",stop,1,"<loc1022>The vehicle remains stopped, steadily maintaining its position.;<loc1021>"
1274,10,421,430,89,12,BAD,direct,"The vehicle remains stopped, steadily maintaining its position.",stop,"The vehicle remains stopped, steadily maintaining its position.",stop,1,"<loc1022>The vehicle remains stopped, steadily maintaining its position.;<loc1021>"
1275,10,431,440,89,13,BAD,direct,"The vehicle remains stopped normally, steadily maintaining its position.",stop,"The vehicle remains stopped, steadily maintaining its position.",stop,1,"<loc1022>The vehicle remains stopped normally, steadily maintaining its position.;<loc1021>"
1276,10,441,450,89,14,BAD,direct,"The vehicle remains stopped normally, steadily maintaining its position.",stop,"The vehicle remains stopped, steadily maintaining its position.",stop,1,"<loc1022>The vehicle remains stopped normally, steadily maintaining its position.;<loc1021>"
